"rule_id","rule_name","pattern_it_recognizes"
"rule_451c36fb9b91ee65","opt_outs_ml.hot_topic_not_opt_out","BRAND_MESSAGE=/^hot topic\b[\s\S]*\b1\s+same\b[\s\S]*\b2\s+weekly\b[\s\S]*\b3\s+monthly\b[\s\S]*\b4\s+never\b/i AND CUSTOMER_MESSAGE=/^(?!.*\b(?:4|four|never)\b).+$/i"
"rule_39802d76d8b46842","opt_outs_ml.hot_topic_opt_out","BRAND_MESSAGE=/^hot topic\b[\s\S]*\b1\s+same\b[\s\S]*\b2\s+weekly\b[\s\S]*\b3\s+monthly\b[\s\S]*\b4\s+never\b/i AND CUSTOMER_MESSAGE=/\b(?:4|four|never)\b/i"
"rule_combined_single_letter_only","combined.single_letter_only","/^[A-Za-z]$/g"
"rule_combined_number_only","combined.number_only","/^\d+$/g"
"rule_combined_reaction_reply","combined.reaction_reply","/^(?:reacted to .+|(?:liked|loved|emphasized|disliked|questioned) .+|laughed at .+|removed (?:a |from ).+)[\s.!?]*$/gi"
"rule_b25458937a65a761","autoQAMessages.under_13_age_threshold","/\b(?:(?:i\s*(?:am|'m)|im)\s*)?(?:[0-9]|1[0-2]|one|two|three|four|five|six|seven|eight|nine|ten|eleven|twelve)\s*(?:years?\s*old|yrs?\s*old|yo|y\\/o)\b|\b(?:i\s*(?:am|'m)|im)\s*(?:[0-9]|1[0-2]|one|two|three|four|five|six|seven|eight|nine|ten|eleven|twelve)\b|\b(?:grade\s*[1-6]|[1-6](?:st|nd|rd|th)\s*grade)\b/gi"
"rule_7f5dea328a22ec3b","autoQAMessages.json_array.non_opt_out.auto_reply.003.auto_generated_text_i_ll_call_you_later","/\bauto[\W_]+generated[\W_]+text[\W_]+i[\W_]*ll[\W_]+call[\W_]+you[\W_]+later\b/gi"
"rule_353dc8a1dffaf9f8","autoQAMessages.json_array.non_opt_out.auto_reply.004.auto_message_your_message_cannot_be_sent_because_the_file_format_is_cu","/\bauto[\W_]+message[\W_]+your[\W_]+message[\W_]+cannot[\W_]+be[\W_]+sent[\W_]+because[\W_]+the[\W_]+file[\W_]+format[\W_]+is[\W_]+currently[\W_]+not[\W_]+supported\b/gi"
"rule_combined_unavailable_auto_reply","combined.unavailable_auto_reply","/^(?:hey,?\s+i(?:'|\?|’)?m currently unavailable,?\s+i(?:'|\?|’)?ll get back to you as soon as i can|i(?:'|\?|’)?m not receiving notifications if this is urgent reply urgent to send a notification through with your original message|sorry,?\s+i\s+can(?:'|\?|’)?t talk (?:right )?now|sorry,?\s+can(?:'|\?|’)?t talk (?:right )?now|thank you for contacting me,?\s+i(?:'|\?|’)?m unable to chat right now but i(?:'|\?|’)?ll reply to your text as soon as i can,?\s+thanks|thanks for reaching out,?\s+i can(?:'|\?|’)?t chat(?: at the moment| now) but i(?:'|\?|’)?ll text you back as soon as i can(?:,?\s+thanks(?: child of christ| sent from text free)?)?|thanks for reaching out text me and if you have ig please message me let mee feed you set all notifications)[\s.!?]*$/gi"
"rule_5a95f1e7574cd603","optOutClassifier.json.patterns.25","/\bblock\w*\b/gi"
"rule_fed4cc7912c2263a","optOutClassifier.json.patterns.7","/\bspam\b/gi"
"rule_3a9dc0981448dafb","optOutClassifier.json.patterns.0","/\bremove[\W_]+me\b/gi"
"rule_combined_device_not_working","combined.device_not_working","/^(?:this is an automatic message this is a kosher talk only device and does not accept text messages please call instead|this number does(?:n'?t| not) support text please call instead|this phone(?: number)? can(?:not|'?t) receive text messages please call instead|this phone does not accept text messages please call instead(?: this is an automatic reply)?)[\s.!?]*$/gi"
"rule_ca0e0ef41f8c2d63","autoQAMessages.json_array.direct_opt_out.device_not_working.006.this_phone_number_is_no_longer_in_service","/\bthis[\W_]+phone[\W_]+number[\W_]+is[\W_]+no[\W_]+longer[\W_]+in[\W_]+service\b/gi"
"rule_8c5cba2f8f1724e9","autoQAMessages.json_array.opt_out_offensive.002.fuck_off","/\bfuck[\W_]+off\b/gi"
"rule_b6ca67714384c052","autoQAMessages.json_array.opt_out_offensive.003.fuck_u","/\bfuck[\W_]+u\b/gi"
"rule_039e25269b280d8a","autoQAMessages.json_array.opt_out_offensive.004.fuck_yall","/\bfuck[\W_]+yall\b/gi"
"rule_5496cf283174a76a","autoQAMessages.json_array.opt_out_offensive.005.fuck_you","/\bfuck[\W_]+you\b/gi"
"rule_bc6c993b8fc4823a","autoQAMessages.json_array.opt_out_offensive.006.fucking_stop","/\bfucking[\W_]+stop\b/gi"
"rule_a85bea4aebd23b15","autoQAMessages.json_array.opt_out_offensive.007.go_fuck_yourself","/\bgo[\W_]+fuck[\W_]+yourself\b/gi"
"rule_42f9acffeaa437e0","autoQAMessages.json_array.opt_out_offensive.009.shut_the_fuck_up","/\bshut[\W_]+the[\W_]+fuck[\W_]+up\b/gi"
"rule_7de94f161ab433c8","autoQAMessages.json_array.opt_out_offensive.010.stfu","/\bstfu\b/gi"
"rule_c13640da933ab27e","autoQAMessages.json_array.opt_out_offensive.011.stop_bitch","/\bstop[\W_]+bitch\b/gi"
"rule_8bfec7744b353651","autoQAMessages.json_array.opt_out_offensive.012.stop_fucking_texting_me","/\bstop[\W_]+fucking[\W_]+texting[\W_]+me\b/gi"
"rule_d9b38d17ec4f8251","autoQAMessages.json_array.opt_out_offensive.013.sybau","/\bsybau\b/gi"
"rule_235ad34a90c941a4","optOutClassifier.json.patterns.14","/\blawy\w*\b/gi"
"rule_96d85e50355029cb","optOutClassifier.json.patterns.15","/\bsue[\W_]+your\b/gi"
"rule_d68cf12285850e44","optOutClassifier.json.patterns.21","/\bsued\b/gi"
"rule_d2cb7cc4fe8a0d76","autoQAMessages.json_array.non_opt_out.opt_in_texts.001.send_this_text_to_subscribe_to_periodic_auto_texts_for_exclusive_offer","/\bsend[\W_]+this[\W_]+text[\W_]+to[\W_]+subscribe[\W_]+to[\W_]+periodic[\W_]+auto[\W_]+texts[\W_]+for[\W_]+exclusive[\W_]+offers[\W_]+cart[\W_]+reminders\b/gi"
"rule_c6f31b380b419166","autoQAMessages.json_array.non_opt_out.opt_in_texts.002.send_this_text_to_subscribe_to_recurring_automated_personalized_market","/\bsend[\W_]+this[\W_]+text[\W_]+to[\W_]+subscribe[\W_]+to[\W_]+recurring[\W_]+automated[\W_]+personalized[\W_]+marketing[\W_]+alerts\b/gi"
"rule_e0e5e0932b6ce1fc","autoQAMessages.json_array.non_opt_out.opt_in_texts.003.send_this_text_to_subscribe_to_recurring_automated_personalized_market","/\bsend[\W_]+this[\W_]+text[\W_]+to[\W_]+subscribe[\W_]+to[\W_]+recurring[\W_]+automated[\W_]+personalized[\W_]+marketing[\W_]+alerts[\W_]+e[\W_]+g[\W_]+cart[\W_]+reminders\b/gi"
"rule_f5546fce3e9284e4","autoQAMessages.json_array.non_opt_out.opt_in_texts.004.send_this_text_to_subscribe_to_recurring_automated_personalized_market","/\bsend[\W_]+this[\W_]+text[\W_]+to[\W_]+subscribe[\W_]+to[\W_]+recurring[\W_]+automated[\W_]+personalized[\W_]+marketing[\W_]+alerts[\W_]+e[\W_]+g[\W_]+cart[\W_]+reminders[\W_]+from[\W_]+fashion[\W_]+nova[\W_]+ref\b/gi"
"rule_bb181be7ab6133ed","optOutClassifier.json.patterns.28","/\bnot[\W_]+interested\b/gi"
"rule_05de67d9c6c545f7","optOutClassifier.json.patterns.41","/\bBBB\b/gi"
"rule_b3f6c3db48d7542c","optOutClassifier.json.patterns.36","/\bDNC\b/gi"
"rule_50d5521d0041cd96","optOutClassifier.json.patterns.37","/\bI[\W_]+(?:don't|do not want)(?:[\W_]+(?:me|you|us|again|anymore))*\b/gi"
"rule_5ade46233e2f3254","optOutClassifier.json.patterns.38","/\balto\b/gi"
"rule_9bdc0e31508e72b3","optOutClassifier.json.patterns.69","/\bannoy\w*\b/gi"
"rule_166a66a745f9f965","optOutClassifier.json.patterns.39","/\battorn\w*\b/gi"
"rule_3ec2303b421a17e4","optOutClassifier.json.patterns.68","/\bbother\w*\b/gi"
"rule_dc73c33ba0807b16","optOutClassifier.json.patterns.45","/\bde[\W_]+baja\b/gi"
"rule_9fab5a743c276ca4","optOutClassifier.json.patterns.32","/\b(?:don'?t|do not|dont|donot)\s+(?:text|send|contact|message|bother|talk|call|write|call\s+or\s+text)(?:\s+me)?(?:\s+(?:any\s+more|anymore|again))?(?:\s+(?:texts?|messages?|text\s+messages))?\b/gi"
"rule_aaec757169b5d045","optOutClassifier.json.patterns.53","/\bend[\W_]+(?:any|all communication|communications|texts|text messages|messages)(?:[\W_]+(?:me|you|us|again|anymore))*\b/gi"
"rule_7b9e2986edf50834","optOutClassifier.json.patterns.52","/\bend[\W_]+(?:communication|communications|texts|text messages|messages|this|contact|contacting)(?:[\W_]+(?:me|you|us|again|anymore))*\b/gi"
"rule_35a64c97cf6b24d5","optOutClassifier.json.patterns.49","/\bends\b/gi"
"rule_71ac117676488f83","optOutClassifier.json.patterns.54","/\bfcc\b/gi"
"rule_502f026d6285fa8a","optOutClassifier.json.patterns.55","/\bfederal[\W_]+communications[\W_]+commission\b/gi"
"rule_f276972f87618609","optOutClassifier.json.patterns.58","/\bflorida[\W_]+telephone[\W_]+solicitation[\W_]+act\b/gi"
"rule_80d312e4479e09cd","optOutClassifier.json.patterns.57","/\bftsa\b/gi"
"rule_2cdab8de3c3418a1","optOutClassifier.json.patterns.62","/\bharass\w*\b/gi"
"rule_afdae30907b92d81","optOutClassifier.json.patterns.63","/\blaws\w*\b/gi"
"rule_7a4d206ec76b8cd4","optOutClassifier.json.patterns.65","/\blitigat\w*\b/gi"
"rule_76484f3646544667","optOutClassifier.json.patterns.66","/\bno[\W_]+longer\b/gi"
"rule_329faf92ed23d82b","optOutClassifier.json.patterns.77","/\bpare\b/gi"
"rule_a7188c1cef1b83cf","optOutClassifier.json.patterns.51","/\b(?:(?:please|kindly)\s+end|end)\b/gi"
"rule_c8bedde12cf67cb9","optOutClassifier.json.patterns.109","/\bs[\W_]+t[\W_]+o[\W_]+p\b/gi"
"rule_344f9c56bb36b31a","optOutClassifier.json.patterns.3","/\btake[\W_]+me[\W_]+off\b/gi"
"rule_1a3cca37b7d755d0","optOutClassifier.json.patterns.103","/\btelephone[\W_]+consumer[\W_]+protection[\W_]+act\b/gi"
"rule_73ef52e43730404f","optOutClassifier.json.patterns.104","/\bterminat\w*\b/gi"
"rule_816054d0022ec305","autoQAMessages.json_array.opt_out_phrases.078.do_not_text","/\bdo[\W_]+not[\W_]+text\b/gi"
"rule_f8f69147469cd9e4","autoQAMessages.json_array.opt_out_phrases.079.do_not_text_me","/\bdo[\W_]+not[\W_]+text[\W_]+me\b/gi"
"rule_452e876fc786e640","autoQAMessages.json_array.opt_out_phrases.080.don_t_text_me","/\bdon[\W_]*t[\W_]+text[\W_]+me\b/gi"
"rule_09bb37661eef725c","autoQAMessages.json_array.opt_out_phrases.081.don_t_want_your_promo","/\bdon[\W_]*t[\W_]+want[\W_]+your[\W_]+promo\b/gi"
"rule_96bcabf04ce7513f","autoQAMessages.json_array.opt_out_phrases.003.get_out","/\bget[\W_]+out\b/gi"
"rule_cc5eeb5fc6b88c64","autoQAMessages.json_array.opt_out_phrases.006.i_m_done","/\bi[\W_]*m[\W_]+done\b/gi"
"rule_13c0f6e52d78fa78","autoQAMessages.json_array.opt_out_phrases.009.leave_me_alone","/\bleave[\W_]+me[\W_]+alone\b/gi"
"rule_24853d165c05459a","autoQAMessages.json_array.opt_out_phrases.071.stop2end","/\bstop2end\b/gi"
"rule_b3f39b47b0500c61","optOutClassifier.json.patterns.17","/\bended\b/gi"
"rule_05bb1c39f8876a4e","optOutClassifier.json.patterns.34","/\bhalt[\W_]+(?:texts|messages|text messages)(?:[\W_]+(?:me|you|us|again|anymore))*\b/gi"
"rule_2cee9ccfd5c3206f","optOutClassifier.json.patterns.26","/\bleave[\W_]+me[\W_]+alone\b/gi"
"rule_0fd61a48592c2b2a","optOutClassifier.json.patterns.19","/\bnever[\W_]+(?:send|text|contact|message|bother|talk)(?:[\W_]+(?:me|you|us|again|anymore))*\b/gi"
"rule_9ae98939ff042262","optOutClassifier.json.patterns.5","/\btake[\W_]+(?:me|this|my number off)(?:[\W_]+(?:me|you|us|again|anymore))*\b/gi"
"rule_a62f1f47bbd3374a","optOutClassifier.json.patterns.22","/\bunsuscrib\w*\b/gi"
"rule_dbd530be3a37f3ae","optOutClassifier.json.patterns.12","/\bwrong[\W_]+number\b/gi"
"rule_d1510d5bea3c0540","opt_outs_ml.regex_rules.067.auto_message","/^price$/giu"
"rule_26ffdf2f625bdaf2","optOutClassifier.json.patterns.61","/\breport\w*/gi"
"rule_fea0f838570726ef","autoQAMessages.json_array.direct_opt_out.block_patterns.001.blocking_all_texts_blocking_you_block_texts_uninstalled_uninstaller_bl","/\b(?:blocking\ all\ texts|blocking\ you|block\ texts|uninstalled|uninstaller|block\ you|uninstall|ill\ block|blocking)\b/ig"
"rule_f3e7b6c61c94cb2e","autoQAMessages.json_array.direct_opt_out_rules.channel_patterns.001.don_t_text_do_not_text_no_text_i_do_not_want_text_i_don_t_want_text_i_","/\b(i really don\s+t like to get text|i don\s+t like to get text|i do not want to text|i don\s+t want to text|not accepting texts|i do not want text|i don\s+t want text|email me instead|call me instead|use voice call|do not text|please call|don\s+t text|send email|no text)\b/gi"
"rule_4079391bd3958ff2","autoQAMessages.json_array.direct_opt_out_rules.removal_patterns.001.remove_me_delete_me_delete_my_data_delete_my_information_delete_my_add","/\b(remove me|delete me|delete my data|delete my information|delete my address|delete my mail|delete all .*mail|erase my data|take me off|don'?t use my data|do not use my data|stop using my data|get rid of it|delete i mean no|delete this message)\b/ig"
"rule_bc981d8e383b5305","autoQAMessages.json_array.direct_opt_out_rules.direct_patterns.001.stop_unsubscribe_unsub_opt_out_opt_out_remove_me_delete_me_don_t_send_","/\b(no more messages|no more texts|don't reach out|do not send|don't send|stop messaging|stop texting|unsubscribe|remove me|delete me|opt out|opt-out|unsub|ban me|stop)\b/gi"
"rule_85400937d1baad74","autoQAMessages.json_array.direct_opt_out_rules.unsubscribe_patterns.001.unsubscribe_unsub_opt_out_opt_out_dnc_do_not_call_list_put_me_on_do_no","/\b(unsubscribe|unsub|opt out|opt-out|dnc|do not call list|put me on.*do not call)\b/ig"
"rule_7f6d9b39d69810ec","autoQAMessages.json_array.direct_opt_out_rules.wrong_number_patterns.001.wrong_number_wrong_person_not_me_this_is_not_me_this_is_not_account_ne","/\b(wrong number|wrong person|not me|this is not me|this is not .*account|new phone number|new number|change my number|change phone number|change my phone number|change number|change my text subscription number|this phone number is no longer in service|not my number|this is not [a-z]+|i'?ve had this number for years|someone else had this number)\b/ig"
"rule_578078b652df9a1c","autoQAMessages.labels.offensive_word_re","/\b(?:fuck|fucking|fu|fuxk|stfu|sybau)\b/gi"
"rule_e4d305aaf29be5b7","autoQAMessages.json_array.offensive.frustration_patterns.001.go_fuck_yourself_shut_the_fuck_up_go_to_hell_fuck_yall_fuck_off_fuck_y","/\b(?:go\ fuck\ yourself|shut\ the\ fuck\ up|go\ to\ hell|fuck\ yall|fuck\ off|fuck\ you|fuck\ u|sybau|stfu|fu|fuxk\ you)\b/ig"
"rule_b29685bb7bab43f0","deterministic.fuzzy_opt_out.005","/(i'm|im|i am) done with this brand/gi"
"rule_3d3e083e709906ab","deterministic.fuzzy_opt_out.001","/(i'm|im|i am) not a customer anymore/gi"
"rule_4b7bdff9be0af7eb","never_come_back","/\bnever come back\b/gi"
"rule_0833df7c3765d078","not_a_customer_anymore","/\bnot a customer anymore\b/gi"
"rule_90891247fb9d25d4","not_subscribing","/\bnot subscribing\b/gi"
"rule_5ad2f8fb3c22229d","exact_finished","/^\s*finished[.!?,;:]*\s*$/gi"
"rule_523de625170a42d4","exact_pause","/^\s*pause[.!?,;:]*\s*$/gi"
"rule_67f055bfa9650bd4","opt_outs_ml.regex_rules.074.greeting","/^yo$/giu"
"rule_2d8563fd20c5b26e","opt_outs_ml.regex_rules.025.help","/^support$/giu"
"rule_fe8eca5e5e5ff867","autoQAMessages.labels.inferred_opt_out.003.do_not_don_t_text_message_contact_advertise_promote_show_spam_n","/\b(?:do\s+not|don['’`]?t)\s+(?:text|message|contact|advertise|promote|show|spam)\b[^\n.!?]*/gi"
"rule_ed238f1683bfefd7","autoQAMessages.labels.inferred_opt_out.002.turn_that_this_it_off","/\bturn\s+(?:that|this|it)\s+off\b/gi"
"rule_951e4f507c1e0000","opt_outs_ml.regex_rules.032.issue","/^refund$/giu"
"rule_7509cd80be755633","opt_outs_ml.regex_rules.031.issue","/^too expensive$/giu"
"rule_d8d671fb7effd4f8","optOutClassifier.json.patterns.73","/\bFCC\b/gi"
"rule_aa28eb133e088f5a","opt_outs_ml.regex_rules.002.near_stop","/^shop$/giu"
"rule_60d49da4e20ab6bb","opt_outs_ml.regex_rules.003.near_stop","/^start$/giu"
"rule_e8595ca2d300bbec","opt_outs_ml.regex_rules.004.near_stop","/^subscribe$/giu"
"rule_a183372a5e01f8a4","opt_outs_ml.regex_rules.001.near_stop","/^top$/giu"
"rule_ecf3dd814e471bc4","opt_outs_ml.regex_rules.005.near_stop","/^unstop$/giu"
"rule_6da31ef70e2d6310","opt_outs_ml.regex_rules.087.no_notifications","/^im not receiving notifications if this is urgent reply “urgent” to send a notification through with your original message$/giu"
"rule_ca69915c8aea9988","deterministic.not_opt_out.019","/10 shein freebies and a 50 allowance for the lucky just click and claim\s+so easy/gi"
"rule_9d3ca0925c77f798","deterministic.not_opt_out.047","/code doesn t work/gi"
"rule_f1cf1c3e400ab1d9","deterministic.not_opt_out.079","/the code doesn t work/gi"
"rule_09183ab2ef58af60","deterministic.not_opt_out.077","/what s the code/gi"
"rule_4c63b63c6e5b331e","deterministic.hard_opt_out.026","/i dont want to be here/gi"
"rule_84cd22c4776d10ec","deterministic.hard_opt_out.025","/i dont want to hear from you/gi"
"rule_994b4cd5c97cedc6","deterministic.hard_opt_out.034","/im deleting you/gi"
"rule_652821f830bc7d4e","deterministic.hard_opt_out.042","/im going to sue you/gi"
"rule_2e92a19c5f9f0710","deterministic.hard_opt_out.035","/im removing your number/gi"
"rule_55c3cf844326fe2f","deterministic.hard_opt_out.041","/im reporting you to the bbb/gi"
"rule_49e838405791d1c1","deterministic.hard_opt_out.027","/im tired of you/gi"
"rule_a0fc16105db53fd4","cannot_receive_messages","/\b(?:cannot|cant|can not|can't)\s+receive (?:messages?|texts?|emails?|calls?)\b/gi"
"rule_06305227826122d3","not_accepting_messages","/\bnot accepting (?:messages|texts?|emails?)\b/gi"
"rule_6b96f9cae2fcf010","exact_cncl","/^\s*cncl[.!?,;:]*\s*$/gi"
"rule_0fc07028c0b71113","exact_dnc","/^\s*dnc[.!?,;:]*\s*$/gi"
"rule_8fb0c0ebc0546ac8","exact_rmv","/^\s*rmv[.!?,;:]*\s*$/gi"
"rule_1cef88e122143e26","exact_wtop","/^\s*wtop[.!?,;:]*\s*$/gi"
"rule_25871eb5c28b9dcd","exact_stop","/^stop$/gi"
"rule_c3c28cfea920ea25","kosher_talk_only_auto_reply","/^this is an automatic message this is a kosher talk only device and does not accept text messages please call instead$/gi"
"rule_a4c1c0e387dddfce","exact_unsubscribe","/^unsubscribe$/gi"
"rule_65a3f22dd3ce5a39","deterministic.indirect.021","/finished|pause|shush|stfu/gi"
"rule_ba68ddf2ec042ef4","deterministic.indirect.017","/i (don't|dont) know you/gi"
"rule_1fc84bcaffc4ee00","not_accepting_messages","/not\s+accepting\s+(?:messages|texts|emails)/gi"
"rule_f0e74f42f8079aa9","autoQAMessages.labels.supplemental.opt_out_device_not_working.001.this_phone_number_device_doesn_t_t_does_not_cannot_can_not_cant_receiv","/\b(?:this\s+)?(?:phone|number|device)\s+(?:doesn(?:t| t)|does\s+not|cannot|can\s+not|cant)\s+(?:receive|accept|support)\s+(?:texts?|messages?|sms)\b/ig"
"rule_4daf1fa5e367112d","autoQAMessages.labels.supplemental.phrases.003.please_remove_take_my_number_off_from_your_distribution_mailing_text_s","/\b(?:please\s+)?(?:remove|take)\s+my\s+number\s+(?:off|from)\s+(?:your\s+)?(?:distribution|mailing|text|sms)\s+list\b/ig"
"rule_9b899e453e806196","autoQAMessages.labels.supplemental.phrases.005.please_don_t_t_inundate_me_with_texts_messages_sms","/\b(?:please\s+)?don(?:t| t)\s+inundate\s+me\s+with\s+(?:texts?|messages?|sms)\b/ig"
"rule_55013d49a8cc3a19","autoQAMessages.labels.supplemental.phrases.006.can_you_not_message_me_n","/\bcan\s+you\s+not\s+message\s+me\b[^\n.!?]*/gi"
"rule_8f694afdadacc39d","autoQAMessages.labels.supplemental.phrases.004.i_don_t_t_want_any_more_mail_texts_messages_sms","/\bi\s+don(?:t| t)\s+want\s+(?:any\s+)?(?:more\s+)?(?:mail|texts?|messages?|sms)\b/ig"
"rule_bbcc672b6eefd763","opt_outs_ml.regex_rules.015.random","/^michaels michaels$/giu"
"rule_0e8c9173435a3c9c","opt_outs_ml.regex_rules.016.random","/^michaels$/giu"
"rule_8556b4efa88e3725","opt_outs_ml.regex_rules.014.random","/^nice$/giu"
"rule_926dd5f42a30c361","opt_outs_ml.regex_rules.017.random","/^oh$/giu"
"rule_575e274a95cf8ee3","opt_outs_ml.regex_rules.012.random","/^save$/giu"
"rule_61d7cb5e4ee5df36","opt_outs_ml.regex_rules.019.random","/^sri$/giu"
"rule_d050d9d2e8a45584","opt_outs_ml.regex_rules.013.random","/^take10$/giu"
"rule_37b5dc0ba75d0492","opt_outs_ml.regex_rules.097.random","/^test$/giu"
"rule_b5c80261e33ce980","opt_outs_ml.regex_rules.090.random","/^welcome15$/giu"
"rule_6bce397042505948","opt_outs_ml.regex_rules.009.scam","/^10 shein freebies and a 50 allowance for the lucky just click and claim\s+so easy$/giu"
"rule_510bd44ff37f855b","opt_outs_ml.regex_rules.007.scam","/^claim 5 free shein products now click the link to help and lets both win big$/giu"
"rule_abc7957d4b3e692a","opt_outs_ml.regex_rules.006.scam","/^could you do me a huge favor please accept my invite so that i can get free gifts$/giu"
"rule_f96b1e3bc526392a","optOutClassifier.json.patterns.47","/\b(s|a|d)top\b/gi"
"rule_362b6d62919ca7c8","opt_outs_ml.regex_rules.096.thanks","/^thank u$/giu"
"rule_5525e07ed34651a0","opt_outs_ml.regex_rules.064.thanks","/^thank you so much$/giu"
"rule_5928beb377b3ed31","opt_outs_ml.regex_rules.063.thanks","/^thank you$/giu"
"rule_71c0b3b7241cc245","opt_outs_ml.regex_rules.095.thanks","/^thanks so much$/giu"
"rule_25bed44ed111bce6","opt_outs_ml.regex_rules.066.thanks","/^thanks$/giu"
"rule_6677dac08705e6d9","opt_outs_ml.regex_rules.065.thanks","/^thx$/giu"
"rule_20dd26ff5b5f8776","less_texts","/(?:send\s+)?less\s+(?:texts|text\s+messages|messages|msgs)/gi"
"rule_20f538f2564683bc","lower_frequency","/\blower (?:the )?frequency\b/gi"
"rule_51780d5c0ddb195c","message_less","/\bsend (?:me )?(?:texts?|text messages?|messages?|msgs?) less\b/gi"
"rule_combined_txt_origin_question","combined.txt_origin_question","/\bhow did (?:you|u) get my (?:number|phone number|contact)\b|\bwhere did (?:you|u) get my (?:number|phone number|contact)\b|\bwho gave (?:you|u) my (?:number|phone number|contact)\b|\bwhy (?:am i|do i) (?:getting|get|receive|receiving) (?:these )?(?:texts?|text messages?|messages?|msgs?)\b|\bwhy (?:are|r) (?:you|u) (?:texting|messaging|msging|contacting) me\b|\bwhy (?:are|r) (?:you|u) sending (?:me )?(?:texts?|text messages?|messages?|msgs?)\b|\bwhy did (?:you|u) (?:text|message|msg|contact) me\b|\bwhy did i get (?:this|these) (?:text|texts|message|messages|msg|msgs)\b|\bwhy do (?:you|u) (?:text|message|msg) me\b|\bwhy do (?:you|u) keep (?:texting|messaging|contacting)(?: me)?\b|\bi (?:dont|do not) know (?:you|u)\b|\bwho (?:is|are) (?:this|you|u)\b/gi"
"rule_fc89e4910657c938","autoQAMessages.json_array.under_13.rules.explicit_age_patterns.001.i_am_im_my_age_is_im_only_i_am_only_im_just_i_am_just_d_1_2","/\b(i am|im|my age is|im only|i am only|im just|i am just)\s*(\d{1\s+2})\b/gi"
"rule_caab2e50189ee965","autoQAMessages.json_array.under_13.rules.explicit_word_age_patterns.001.i_am_im_my_age_is_im_only_i_am_only_im_just_i_am_just_one_two_three_fo","/\b(i am|im|my age is|im only|i am only|im just|i am just)\s*(one|two|three|four|five|six|seven|eight|nine|ten|eleven|twelve|thirteen)\b/gi"
"rule_87298d15feba98fa","autoQAMessages.json_array.under_13.rules.indirect_patterns.001.elementary_school","/elementary school/gi"
"rule_2b81f15d4afdbd0b","autoQAMessages.json_array.under_13.rules.indirect_patterns.006.first_grader","/first grader/gi"
"rule_db58d4f1407e1a87","autoQAMessages.json_array.under_13.rules.indirect_patterns.005.grade_1_6","/grade [1-6]/gi"
"rule_4d8a24e418c8ccc0","autoQAMessages.json_array.under_13.rules.indirect_patterns.003.grade_school","/grade school/gi"
"rule_fbc658efd1856775","autoQAMessages.json_array.under_13.rules.indirect_patterns.014.i_am_in_1_6_st_nd_rd_th_grade","/i am in [1-6](?:st|nd|rd|th) grade/ig"
"rule_ee88dd4d38489b87","autoQAMessages.json_array.under_13.rules.indirect_patterns.012.i_am_in_grade_d","/i am in grade \d/gi"
"rule_cb94613c9b6507b3","autoQAMessages.json_array.under_13_rules.indirect_patterns.015.i_m_in_1_6_st_nd_rd_th_grade","/i'm in [1-6](?:st|nd|rd|th) grade/ig"
"rule_55d3e5ee92442178","autoQAMessages.json_array.under_13_rules.indirect_patterns.013.i_m_in_grade_d","/im in grade \d/gi"
"rule_930e74db78b8f299","autoQAMessages.json_array.under_13.rules.indirect_patterns.002.primary_school","/primary school/gi"
"rule_e6dfe15a683267ac","autoQAMessages.json_array.under_13.rules.indirect_patterns.007.second_grader","/second grader/gi"
"rule_45d648dd0cc45f61","autoQAMessages.json_array.under_13.rules.indirect_patterns.011.sixth_grader","/sixth grader/gi"
"rule_719b6a949d37ca24","autoQAMessages.json_array.under_13.rules.indirect_patterns.008.third_grader","/third grader/gi"
"rule_89b7c821fd57c3ee","autoQAMessages.json_array.under_13.rules.implicit_patterns.001.under_13","/under 13/gi"
"rule_ccb279bed5ced46e","autoQAMessages.json_array.under_13.rules.implicit_patterns.002.younger_than_13","/younger than 13/gi"
"rule_291378e2af96bb4c","autoQAMessages.labels.short_offensive.f_u","/f u/gi"
"rule_439752bdc63861f3","autoQAMessages.json_array.keyword.exact.042.bye","/\bbye\b/gi"
"rule_7d708b1150714790","autoQAMessages.json_array.keyword.exact.034.delete","/\bdelete\b/gi"
"rule_392fcfaacf118d18","autoQAMessages.json_array.keyword.exact.043.detener","/\bdetener\b/gi"
"rule_157e140013fc23de","autoQAMessages.json_array.keyword.exact.029.done","/\bdone\b/gi"
"rule_c3dc65183282baaf","autoQAMessages.json_array.keyword.exact.019.drop","/\bdrop\b/gi"
"rule_b765bd113a4e315e","autoQAMessages.json_array.keyword.exact.035.exit","/\bexit\b/gi"
"rule_68bfff39badc29a8","autoQAMessages.json_array.keyword.exact.016.junk","/\bjunk\b/gi"
"rule_8f5757a432df1604","autoQAMessages.json_array.keyword.exact.020.leave","/\bleave\b/gi"
"rule_f09cbbf5c87bf2fc","autoQAMessages.json_array.keyword.exact.036.mute","/\bmute\b/gi"
"rule_949dbd040d7b98f7","autoQAMessages.json_array.keyword.exact.038.off","/\boff\b/gi"
"rule_ed3db71ec5a14a9c","autoQAMessages.json_array.keyword.exact.023.out","/\bout\b/gi"
"rule_14c20a491a0ab2ca","autoQAMessages.json_array.keyword.exact.010.terminate","/\bterminate\b/gi"
"rule_5ef21e9a6120bf81","autoQAMessages.json_array.keyword.exact.027.unfollow","/\bunfollow\b/gi"
"rule_7e5b3ab6e70f9bf8","autoQAMessages.json_array.keyword.exact.012.withdraw","/\bwithdraw\b/gi"
"rule_26e76065b0de6fdd","autoQAMessages.json_array.keyword.typo.079.arop","/\barop\b/gi"
"rule_4b71a1249b131113","autoQAMessages.json_array.keyword.typo.002.atop","/\batop\b/gi"
"rule_2fb69424acf606b3","autoQAMessages.json_array.keyword.typo.077.banned","/\bbanned\b/gi"
"rule_f5023ff48590b958","autoQAMessages.json_array.keyword.typo.003.c3rvca","/\bc3rvca\b/gi"
"rule_7c22400b209cbf13","autoQAMessages.json_array.keyword.typo.015.canceled","/\bcanceled\b/gi"
"rule_fd2dd4dd41d635f8","autoQAMessages.json_array.keyword.typo.005.canceling","/\bcanceling\b/gi"
"rule_330a3e0d60590167","autoQAMessages.json_array.keyword.typo.078.cancellation","/\bcancellation\b/gi"
"rule_9e9f5148f311716d","autoQAMessages.json_array.keyword.typo.016.cancelled","/\bcancelled\b/gi"
"rule_2e00f258e138100b","autoQAMessages.json_array.keyword.typo.017.cancelling","/\bcancelling\b/gi"
"rule_15ebcc5a90376a70","autoQAMessages.json_array.keyword.typo.004.cancle","/\bcancle\b/gi"
"rule_0e088d5ce0de842f","autoQAMessages.json_array.keyword.typo.006.dtop","/\bdtop\b/gi"
"rule_e96a3cf40c5f4c9e","autoQAMessages.json_array.keyword.typo.080.op_out","/\bop[\W_]+out\b/gi"
"rule_57969ae007bf1c57","autoQAMessages.json_array.keyword.typo.052.u1rpua","/\bu1rpua\b/gi"
"rule_1f2c349ccafe94c8","autoQAMessages.json_array.keyword.typo.053.u1rpuca","/\bu1rpuca\b/gi"
"rule_f17b74b4dd80595e","autoQAMessages.json_array.keyword.typo.054.u3rvca","/\bu3rvca\b/gi"
"rule_17dfbb2610056423","autoQAMessages.json_array.keyword.typo.103.unsiscrube","/\bunsiscrube\b/gi"
"rule_a38aefc71be39c34","autoQAMessages.json_array.keyword.typo.063.unsubscrbe","/\bunsubscrbe\b/gi"
"rule_60d2356d6a5efb1a","autoQAMessages.json_array.keyword.typo.066.unsubscride","/\bunsubscride\b/gi"
"rule_54097b797df6f1d5","autoQAMessages.json_array.keyword.typo.072.unsubsrcibe","/\bunsubsrcibe\b/gi"
"rule_19f8d30e9b010ed4","autoQAMessages.json_array.keyword.typo.076.ztop","/\bztop\b/gi"
"rule_4d1c5889ecbdaeb1","optOutClassifier.json.patterns.78","/\bquit\w*\b/gi"
"rule_06d01f1a0e0b3885","zapOptOuts.classifier.is_link","/^(?:https?:\\/\\/\S+|www\.\S+)(?:\s+(?:https?:\\/\\/\S+|www\.\S+))*$/gi"
"rule_14492eac781ac6da","zapOptOuts.workflow.node_4.subscription.subscription_candidate","/\b(?:cancel|remove|stop|delete)\w*\b[\s\S]{0,80}\bsubscriptions?\b|\bsubscriptions?\b[\s\S]{0,80}\b(?:cancel|remove|stop|delete)\w*\b/gi"
"rule_d9dedf14099f4647","optOutClassifier.json.patterns.81","/\breport\w*\b/gi"
"rule_00b101067274a973","optOutClassifier.json.patterns.86","/\bsto\b/gi"
"rule_bb9800f69ab36a47","optOutClassifier.json.patterns.97","/\bstpo\b/gi"
"rule_4601bf6a785c5348","optOutClassifier.json.patterns.99","/\bsuing\b/gi"
"rule_d9066c64896dc052","optOutClassifier.json.patterns.9","/\bgo[\W_]+away\b/gi"
"rule_1ff20c8e5b17a76f","optOutClassifier.validator.curated.030.complaint","/\bfraud\w*/gi"
"rule_42ef498698c85197","optOutClassifier.validator.curated.038.complaint","/\bharass\w*/gi"
"rule_f371059028544466","optOutClassifier.json.patterns.8","/\bspam\b/gi"
"rule_d8e7080a28d0bfeb","zapOptOuts.workflow.node_4.fuzzy_opt_out.dont_want_this_or_these","/(?:dont|do not)\s+want\s+(?:this|these|anything)/ig"
"rule_3db2b26d7abaf580","zapOptOuts.workflow.node_4.fuzzy_opt_out.dont_want_any","/(?:dont|do not)\s+want\s+any/ig"
"rule_e80778fb73334b60","zapOptOuts.workflow.node_4.fuzzy_opt_out.dont_want_it","/(?:dont|do not)\s+want\s+it/ig"
"rule_6c538ccb755ac91b","zapOptOuts.deterministic_phrase.fuzzy_opt_out.003.i_ll_ill_never_come_back","/(?<![a-z0-9])(?:(i'll|ill) never come back)(?![a-z0-9])/ig"
"rule_3ceed1bc635db5d9","zapOptOuts.deterministic.fuzzy_opt_out.002.i_ll_ill_never_shop_here_again","/(?<![a-z0-9])(?:(i'll|ill) never shop here again)(?![a-z0-9])/ig"
"rule_746a1a0df72b1b64","zapOptOuts.deterministic_phrase.fuzzy_opt_out.005.i_m_im_i_am_done_with_this_brand","/(?<![a-z0-9])(?:(i'm|im|i am) done with this brand)(?![a-z0-9])/ig"
"rule_28560d53e831d018","zapOptOuts.deterministic_phrase.fuzzy_opt_out.001.i_m_im_i_am_not_a_customer_anymore","/(?<![a-z0-9])(?:(i'm|im|i am) not a customer anymore)(?![a-z0-9])/ig"
"rule_6f1fd17bd2ad3c52","zapOptOuts.deterministic_js.fuzzy_opt_out.019.i_don_t_want_any_more","/i dont want any more/gi"
"rule_50921fa55eb127ef","zapOptOuts.deterministic_js.fuzzy_opt_out.020.i_don_t_want_more","/i dont want more/gi"
"rule_90a42bf6e5e69343","zapOptOuts.deterministic_js.fuzzy_opt_out.018.i_don_t_want_this_brand","/i dont want this brand/gi"
"rule_9f9f434d2cfc8890","zapOptOuts.deterministic_js.fuzzy_opt_out.017.i_m_done","/im done/gi"
"rule_7b679a68a34fd49e","zapOptOuts.deterministic_phrase.fuzzy_opt_out.013.no_longer_needed","/(?<![a-z0-9])(?:no longer needed)(?![a-z0-9])/ig"
"rule_28a16c51871d9e83","zapOptOuts.deterministic.fuzzy_opt_out.007.quit_playing","/(?<![a-z0-9])(?:quit playing)(?![a-z0-9])/ig"
"rule_cf5d12213cf5b726","zapOptOuts.deterministic_phrase.fuzzy_opt_out.006.stop_lying","/(?<![a-z0-9])(?:stop lying)(?![a-z0-9])/ig"
"rule_391af98fece5f5d2","zapOptOuts.deterministic_phrase.fuzzy_opt_out.008.stop_wasting_my_time","/(?<![a-z0-9])(?:stop wasting my time)(?![a-z0-9])/ig"
"rule_9a0a246dfc518c29","zapOptOuts.deterministic_js.fuzzy_opt_out.009.i_don_t_i_dont_i_do_not_want_any_it_these_this","/(i dont|i dont|i do not) want( any| it| these| this)\s+/gi"
"rule_07202e4af69d3de8","zapOptOuts.deterministic_js.fuzzy_opt_out.002.i_ll_ill_never_shop_here_again","/(ill|ill) never shop here again/gi"
"rule_56a5032d2bfabde1","zapOptOuts.classifier.FUZZY_RULES.generic_done","/\bdone\b/gi"
"rule_5cba4051579a4b3f","zapOptOuts.classifier.FUZZY_RULES.sick_of","/\bsick of (?:you|us|this|these|all this)\b/ig"
"rule_1cf78b407d9cbf68","zapOptOuts.classifier.FUZZY_RULES.tired_of","/\btired of (?:you|us|this|these|all this)\b/ig"
"rule_2f7cf80cc6a34fe6","zapOptOuts.workflow.node_4.fuzzy_opt_out.exact_shush","/^\s*shush[.!?,;:]*\s*$/gi"
"rule_3d56b72204be6281","zapOptOuts.deterministic_js.fuzzy_opt_out.014.no_longer_want_it_this_these","/no longer want( it| this| these)\s+/gi"
"rule_0c57432ba4c67f44","zapOptOuts.workflow.node_4.fuzzy_opt_out.not_a_customer_anymore","/not\s+a\s+customer\s+anymore/gi"
"rule_4ee373f27aba3ba5","optOutClassifier.validator.curated.094.legal","/\b(bring|file)\s+a\s+suit\b/gi"
"rule_5b5fa6c84e118a26","optOutClassifier.validator.curated.095.legal","/\b(bring|file)\s+suit\b/gi"
"rule_43a7ca889fd10d9d","optOutClassifier.validator.curated.099.legal","/\bTCPA\b/gi"
"rule_0549e54d708b9c7f","optOutClassifier.validator.curated.029.legal","/\bfederal communications commission\b/gi"
"rule_8c0194cac8b5116f","optOutClassifier.validator.curated.032.legal","/\bflorida telephone solicitation act\b/gi"
"rule_4c848f9e15e5be04","optOutClassifier.validator.curated.031.legal","/\bftsa\b/gi"
"rule_a1a0188ebd7a9df0","optOutClassifier.validator.curated.093.legal","/\bsuing\b/gi"
"rule_640bf0cf57ec123d","optOutClassifier.validator.curated.100.legal","/\btelephone consumer protection act\b/gi"
"rule_e5e64512ed1703de","optOutClassifier.validator.curated.103.legal","/\bunlaw\w*/gi"
"rule_053feff716939daa","optOutClassifier.validator.curated.107.legal","/\bviolat\w*/gi"
"rule_093f86528f285ea8","zapOptOuts.deterministic.not_opt_out.019.10_shein_freebies_and_a_50_allowance_for_the_lucky_just_click_and_clai","/(?<![a-z0-9])(?:10 shein freebies and a 50 allowance for the lucky just click and claim-so easy)(?![a-z0-9])/ig"
"rule_99514518796ca4c5","zapOptOuts.deterministic.not_opt_out.033.attn_hey_i_need_help_with_something","/(?<![a-z0-9])(?:attn hey i need help with something)(?![a-z0-9])/ig"
"rule_83b67194520a3506","zapOptOuts.deterministic_js.not_opt_out.089.call_me_asap","/call me asap/gi"
"rule_85b4bd776f1a8355","zapOptOuts.deterministic.not_opt_out.058.can_i_call_you_later","/(?<![a-z0-9])(?:can i call you later)(?![a-z0-9])/ig"
"rule_6001b4b8612b880d","zapOptOuts.deterministic.not_opt_out.001.cancel_my_order_subscription_account","/(?<![a-z0-9])(?:cancel (my )?(order|subscription|account))(?![a-z0-9])/ig"
"rule_69100487ccd3b564","zapOptOuts.deterministic_js.not_opt_out.018.check_out_my_bet_on_fanduel_sportsbook","/check out my bet on fanduel sportsbook/gi"
"rule_2598a349be6b6683","zapOptOuts.deterministic_js.not_opt_out.017.claim_5_free_shein_products_now_click_the_link_to_help_and_let_s_both_","/claim 5 free shein products now click the link to help and lets both win big/gi"
"rule_45728e189aee9c09","zapOptOuts.deterministic_js.not_opt_out.044.code","/code/gi"
"rule_1ef9d0922a1d5c5f","zapOptOuts.deterministic.not_opt_out.016.could_you_do_me_a_huge_favor_please_accept_my_invite_so_that_i_can_get","/(?<![a-z0-9])(?:could you do me a huge favor please accept my invite so that i can get free gifts)(?![a-z0-9])/ig"
"rule_1489794ce5d5358a","zapOptOuts.deterministic_js.not_opt_out.045.coupon","/coupon/gi"
"rule_45127fd998278b19","zapOptOuts.deterministic.not_opt_out.088.coupons","/(?<![a-z0-9])(?:coupons)(?![a-z0-9])/ig"
"rule_d71b14fc71ed188f","zapOptOuts.deterministic.not_opt_out.087.customer_service","/(?<![a-z0-9])(?:customer service)(?![a-z0-9])/ig"
"rule_fdab0ef51b4fc12f","zapOptOuts.deterministic_js.not_opt_out.046.discount","/discount/gi"
"rule_5e6ddb84a9c161a3","zapOptOuts.deterministic.not_opt_out.038.free_shipping","/(?<![a-z0-9])(?:free shipping)(?![a-z0-9])/ig"
"rule_6ef9acf947414911","zapOptOuts.deterministic_js.not_opt_out.060.hello","/hello/gi"
"rule_7fe56fb52619ffc5","zapOptOuts.deterministic.not_opt_out.008.help","/(?<![a-z0-9])(?:help)(?![a-z0-9])/ig"
"rule_62862936e5cf5ef6","zapOptOuts.deterministic_js.not_opt_out.061.hey","/hey/gi"
"rule_d54cb2ec341811dc","zapOptOuts.deterministic_js.not_opt_out.059.hi","/hi/gi"
"rule_cc320dbc73abe1ee","zapOptOuts.deterministic_js.not_opt_out.057.how_much","/how much/gi"
"rule_9501f80f59e3b9fd","zapOptOuts.deterministic_js.not_opt_out.020.i_m","/i\s*m|im/gi"
"rule_47c6c9a212246e84","zapOptOuts.deterministic_js.not_opt_out.075.i_m_not_receiving_notifications_if_this_is_urgent_reply_urgent_to_send","/im not receiving notifications if this is urgent reply urgent to send a notification through with your original message/gi"
"rule_5489494c1e6edf50","zapOptOuts.deterministic_js.not_opt_out.028.lol","/lol/gi"
"rule_0e91a0403d431f2f","zapOptOuts.deterministic.not_opt_out.025.michaels_michaels","/(?<![a-z0-9])(?:michaels michaels)(?![a-z0-9])/ig"
"rule_7f1696fe487e18ad","zapOptOuts.deterministic.not_opt_out.010.order_updates","/(?<![a-z0-9])(?:order updates)(?![a-z0-9])/ig"
"rule_b551ed2d17f1248b","zapOptOuts.deterministic.not_opt_out.076.thanks_for_reaching_out_i_can_t_chat_at_the_moment_but_i_ll_text_you_b","/(?<![a-z0-9])(?:thanks for reaching out i can t chat at the moment but i ll text you back as soon as i can thanks sent from text free)(?![a-z0-9])/ig"
"rule_c8bfb5f1702cbfb6","zapOptOuts.deterministic.not_opt_out.080.thanks_for_reaching_out_i_can_t_chat_at_the_moment_but_i_ll_text_you_b","/(?<![a-z0-9])(?:thanks for reaching out i can t chat at the moment but i ll text you back as soon as i can thanks)(?![a-z0-9])/ig"
"rule_adc0e5ee3815ff7c","zapOptOuts.deterministic.not_opt_out.003.where_is_my_order_package","/(?<![a-z0-9])(?:where is my (order|package))(?![a-z0-9])/ig"
"rule_7cf019d0a22423f8","zapOptOuts.deterministic_js.not_opt_out.040.where_s_my_order","/where s my order/gi"
"rule_e5d22849445860b7","zapOptOuts.deterministic_js.not_opt_out.007.code_discount_did_not_work","/(code|discount) did not work/gi"
"rule_0abce60946a3f093","zapOptOuts.deterministic_js.not_opt_out.004.deliver_send_me_my_package","/(deliver|send me) my package/gi"
"rule_f34526c8fa9063a0","zapOptOuts.classifier.SPECIFIC_REQUEST_RULES.product_request","/\b(?:size|inventory|availability|color|colour)\b/ig"
"rule_7cf0b9e707f3dfc7","zapOptOuts.classifier.SPECIFIC_REQUEST_RULES.account_request","/\b(?:update|change|reset|fix|review) (?:my )?(?:account|login|password|email|address)\b/ig"
"rule_364cc39e66f1bf54","zapOptOuts.classifier.SPECIFIC_REQUEST_RULES.order_status","/\b(?:where(?: is|'s)? my order|order status|track(?:ing)?(?: my)? order)\b/ig"
"rule_63da2aff77f3f76e","zapOptOuts.classifier.SPECIFIC_REQUEST_RULES.cancel_subscription","/\bcancel (?:my )?(?:subscription|sub|plan)\b/ig"
"rule_bd182b920b33f0e2","zapOptOuts.classifier.SPECIFIC_REQUEST_RULES.cancel_order","/\bcancel (?:my )?order\b/ig"
"rule_b33e4c824aaacdef","zapOptOuts.classifier.SPECIFIC_REQUEST_RULES.refund_request","/\brefund\b|\breturn\b|\bexchange\b/gi"
"rule_f6dd2a4884146ae0","zapOptOuts.classifier.SPECIFIC_REQUEST_RULES.shipping_request","/\bshipping\b|\bshipment\b|\bdelivery\b/gi"
"rule_0818cc4a204d72a2","zapOptOuts.classifier.NON_OPT_OUT_RULES.subscribe_confirmation_prompt","/^send this text to subscribe to recurring automated personalized marketing alerts e g cart reminders from darc sport ref f jgm$/gi"
"rule_a42c54827f13c5b5","zapOptOuts.deterministic_js.not_opt_out.026.michaels","/michaels/gi"
"rule_754d2c360b0b43fe","zapOptOuts.deterministic_js.not_opt_out.024.nice","/nice/gi"
"rule_3afb314b5b77ee65","zapOptOuts.deterministic_js.not_opt_out.029.sri","/sri/gi"
"rule_22c88c1c8d3d0f24","zapOptOuts.deterministic_js.not_opt_out.013.start","/\b(?:start|starts|started|starting)\b/ig"
"rule_8ee5ee7b5a2b0227","zapOptOuts.deterministic_js.not_opt_out.014.subscribe","/subscribe/gi"
"rule_031255fdb04ab10e","zapOptOuts.deterministic_js.not_opt_out.023.take10","/take10/gi"
"rule_c90f505862a5adef","zapOptOuts.deterministic_js.not_opt_out.083.test","/test/gi"
"rule_51122d616562849e","zapOptOuts.deterministic_js.not_opt_out.082.thank_u","/^thank u$/gi"
"rule_800d066d9f05282c","zapOptOuts.deterministic_js.not_opt_out.054.thanks","/^thanks$/gi"
"rule_8c8228aae049f69f","zapOptOuts.deterministic_js.not_opt_out.032.the","/the/gi"
"rule_b8bbd9e58a1e6618","zapOptOuts.deterministic_js.not_opt_out.053.thx","/^thx$/gi"
"rule_55b4c5b6b1e61034","zapOptOuts.deterministic_js.not_opt_out.011.top","/top/gi"
"rule_f1ffddb42e82883d","zapOptOuts.deterministic_js.not_opt_out.078.welcome15","/welcome15/gi"
"rule_90c2cb708f5e4c5c","zapOptOuts.workflow.node_4.opt_out.do_not_talk_to_me","/(?:dont|do not)\s+(?:(?:talk|speak|message|email|text)\s+to\s+me|text\s+me)/ig"
"rule_fa9887adf3e9cb70","zapOptOuts.workflow.node_4.opt_out.dont_want_communications","/(?:dont|do not)\s+want\s+(?:texts?|text\s+messages?|messages?|emails?|calls?|further\s+communication|communication)/ig"
"rule_317fdbf0a6758d04","zapOptOuts.workflow.node_4.opt_out.not_opted_in","/(?:never|didnt)\s*(?:opted\s+in|signed\s+up|subscribed?)|(?:opted\s+in|signed\s+up)/gi"
"rule_0d3ded1b92b886df","zapOptOuts.workflow.node_4.opt_out.stop_texting_emailing_messaging","/(?:stop|dont|do not)\s+(?:texting|text|emailing|email|messaging|message)(?:\s+me)?/ig"
"rule_d74d59b5753a5ed3","zapOptOuts.workflow.node_4.opt_out.legal_threat","/(?:sue you|legal\s+action|attorney|lawyer|complaint| bbb | better business bureau )/ig"
"rule_871837ed6b6dab5a","zapOptOuts.workflow.node_4.opt_out.wrong_number","/(?:wrong\s+(?:number|person)|(?:not|this\s+(?:isnt|is not))\s+my\s+number|you\s+(?:have|got)\s+the\s+wrong\s+number)/ig"
"rule_2b966ebda7523d76","zapOptOuts.deterministic_phrase.hard_opt_out.045.beat_it","/(?<![a-z0-9])(?:beat it)(?![a-z0-9])/ig"
"rule_1722b814d4484653","zapOptOuts.deterministic_js.hard_opt_out.024.don_t_text_until_you_resolve_my_issue","/dont text until you resolve my issue/gi"
"rule_02e3ab9ef377db44","zapOptOuts.deterministic_phrase.direct_expanded.015.i_didn_t_didnt_opt_in_sign_up","/(?<![a-z0-9])(?:i (didn't|didnt) (opt in|sign up))(?![a-z0-9])/ig"
"rule_3308e78cc4462817","zapOptOuts.deterministic.direct_expanded.012.i_don_t_dont_want_this_these_anymore","/(?<![a-z0-9])(?:i (don't|dont) want (this|these) anymore)(?![a-z0-9])/ig"
"rule_6564fd854e68da63","zapOptOuts.deterministic_phrase.direct_expanded.010.i_don_t_dont_want_to_receive_messages_texts","/(?<![a-z0-9])(?:i (don't|dont) want to receive (messages|texts))(?![a-z0-9])/ig"
"rule_f56ce149d8c5826a","zapOptOuts.deterministic_js.hard_opt_out.033.i_m_blocking_you","/im blocking you/gi"
"rule_c2279f39f1c80a38","zapOptOuts.deterministic_js.hard_opt_out.028.i_m_tired_of_y_all","/im tired of yall/gi"
"rule_324c508204bec0e9","zapOptOuts.deterministic.hard_opt_out.022.if_you_don_t_dont_do_this_right_now_stop_texting_me","/(?<![a-z0-9])(?:if you (don't|dont) do this right now, stop texting me)(?![a-z0-9])/ig"
"rule_7d3781e62eaeef8a","zapOptOuts.deterministic_phrase.direct_expanded.001.leave_me_the_fuck_alone","/(?<![a-z0-9])(?:leave me( the fuck)? alone)(?![a-z0-9])/ig"
"rule_29f9727e0bdd18e0","zapOptOuts.deterministic.direct_expanded.023.no_need_to_text_me","/(?<![a-z0-9])(?:no need to text me)(?![a-z0-9])/ig"
"rule_175c102845844b82","zapOptOuts.deterministic_phrase.hard_opt_out.015.not_accepting_messages_texts_emails","/(?<![a-z0-9])(?:not accepting (messages|texts|emails))(?![a-z0-9])/ig"
"rule_4c317d3b7687e468","zapOptOuts.deterministic_js.hard_opt_out.023.once_i_get_my_order_i_m_going_to_block_you","/once i get my order im going to block you/gi"
"rule_13e7568ff15e7823","zapOptOuts.deterministic_phrase.direct_expanded.003.stop_bothering_harassing_spamming_me","/(?<![a-z0-9])(?:stop (bothering|harassing|spamming) me)(?![a-z0-9])/ig"
"rule_3d1806f4b6527881","zapOptOuts.deterministic_phrase.hard_opt_out.018.this_is_a_kosher_talk_only_device_and_does_not_accept_text_messages","/(?<![a-z0-9])(?:this is a kosher talk only device and does not accept text messages)(?![a-z0-9])/ig"
"rule_50c3382daa5d9ab0","zapOptOuts.deterministic_js.hard_opt_out.019.this_phone_can_not_receive_sms_mms_messages","/this phone can not receive sms mms messages/gi"
"rule_428fac66e76f039a","zapOptOuts.deterministic_js.direct_expanded.028.unsubsidized_me","/unsubsidized me/gi"
"rule_30947965509aae51","zapOptOuts.deterministic.direct_expanded.024.you_don_t_dont_have_to_text_me","/(?<![a-z0-9])(?:you (don't|dont) have to text me)(?![a-z0-9])/ig"
"rule_7f326e7555fc5c21","zapOptOuts.deterministic_js.direct_expanded.025.don_t_dont_send_me_emails_or_texts","/(dont|dont) send me emails or texts/gi"
"rule_83b3924cfc4fb214","zapOptOuts.deterministic_js.indirect.020.i_m_im_done","/(im|im) done/gi"
"rule_604d4b7bc5916d8c","zapOptOuts.classifier.HARD_RULES.do_not_contact","/\b(?:do not|dont)\s+(?:contact|text|message|email|call)\b/ig"
"rule_0a482397319238ca","optOutClassifier.validator.curated.055.opt_out","/\bopted(\s*|\-\s+)out\b/gi"
"rule_a1ab1819305bad6d","optOutClassifier.validator.curated.059.opt_out","/\bopts\b/gi"
"rule_93c6c36f75653a37","pull_from_texts","/\bpull me from (?:text|texts|messages|group|thread)\b/gi"
"rule_b7194fcafb0b37bb","optOutClassifier.validator.curated.068.opt_out","/\brevoke\b/gi"
"rule_7a4aabc615457dc9","zapOptOuts.workflow.node_4.opt_out.keyword_done","/^\s*done[.!?,;:]*\s*$/gi"
"rule_9fe7dbf6d648b75c","zapOptOuts.workflow.node_4.opt_out.exact_end","/^\s*end[.!?,;:]*\s*$/gi"
"rule_41434a27f4e64824","zapOptOuts.workflow.node_4.opt_out.exact_oot","/^\s*oot[.!?,;:]*\s*$/gi"
"rule_63845017394d56ea","zapOptOuts.workflow.node_4.opt_out.exact_quiet","/^\s*quiet[.!?,;:]*\s*$/gi"
"rule_4893243d4ad33c24","zapOptOuts.workflow.node_4.opt_out.exact_remove","/^\s*remove[.!?,;:]*\s*$/gi"
"rule_ff1126fe1ee5a32e","zapOptOuts.classifier.HARD_RULES.exact_opt","/^opt$/gi"
"rule_fad14303a3e2c682","phone_does_not_accept_texts_auto_reply","/^this phone does not accept text messages please call instead this is an automatic reply$/gi"
"rule_dcf5c0ee0cd11d07","zapOptOuts.deterministic_js.hard_opt_out.039.fu","/fu/gi"
"rule_3da705701498fe7e","zapOptOuts.deterministic_js.direct_expanded.013.i_don_t_dont_want_anything_from_you_further_communication","/i (dont|dont) want (anything from you|further communication)/gi"
"rule_851be6224900bc65","zapOptOuts.deterministic_js.hard_opt_out.022.if_you_don_t_dont_do_this_right_now_stop_texting_me","/if you (dont|dont) do this right now\s+stop texting me/gi"
"rule_07c36874cbd6f47c","zapOptOuts.workflow.node_4.opt_out.no_longer_want_messages","/no\s+longer\s+want(?:\s+to\s+receive)?\s+(?:messages?|texts?|emails?|calls?)/ig"
"rule_26cc75d8805d262e","zapOptOuts.deterministic_js.direct_expanded.019.please_remove","/please remove/gi"
"rule_55d69eabd731a280","zapOptOuts.deterministic_js.indirect.006.report_ed","/report(ed)\s+/gi"
"rule_a44c679167060064","stop_bothering_harassing_spamming","/stop\s+(?:bothering|harassing|spamming)\s+me/gi"
"rule_591c07c9adc4f2d4","stop_spam","/stop\s+(?:the\s+spam|with\s+(?:the|these)\s+(?:texts|messages))/gi"
"rule_e9bc789ec1b52ceb","zapOptOuts.deterministic_js.indirect.011.sue_lawsuit_legal_action_attorney_lawyer_complaint","/sue|lawsuit|legal action|attorney|lawyer|complaint/gi"
"rule_ee28709e226fb55d","zapOptOuts.deterministic_js.indirect.016.who_is_this_are_you_are_y_all_yall","/who (is this|are you|are (yall|yall))/gi"
"rule_898d3b22cf673bf4","optOutClassifier.validator.required.001.don_t_don_t_do_not_dont_donot_text_send_contact_message_bother_talk_ca","/(dont|dont|do not|dont|donot) (text|send|contact|message|bother|talk|call|write|call or text)( me)\s+(any more|anymore|again)\s+/gi"
"rule_bf7122e55cde3a93","optOutClassifier.validator.required.045.never_send_text_contact_message_bother_talk","/(never) (send|text|contact|message|bother|talk)/gi"
"rule_be32f02acb852ec7","optOutClassifier.validator.required.025.please_kindly_end","/(please|kindly) end/gi"
"rule_e4c95bd4390d3fd0","optOutClassifier.validator.required.013.cancel_w","/cancel\w*/gi"
"rule_3cc8d7ded90066ff","optOutClassifier.validator.required.014.ceas_w","/ceas\w*/gi"
"rule_ee985c7c20c83093","optOutClassifier.validator.required.017.de_baja","/de baja/gi"
"rule_78328a8bc856e232","optOutClassifier.validator.required.019.descontin_w","/descontin\w*/gi"
"rule_cc5c367536abc6c5","optOutClassifier.validator.required.027.end_any_all_communication_communications_texts_text_messages_messages","/end (any|all) (communication|communications|texts|text messages|messages)/gi"
"rule_c15592ace39cad2a","optOutClassifier.validator.required.029.federal_communications_commission","/federal communications commission/gi"
"rule_7cbb4023388edec3","optOutClassifier.validator.required.032.florida_telephone_solicitation_act","/florida telephone solicitation act/gi"
"rule_6487a8f2600697d9","optOutClassifier.validator.required.030.fraud_w","/fraud\w*/gi"
"rule_5e2385aac4ffe493","optOutClassifier.validator.required.041.lawl_w","/lawl\w*/gi"
"rule_5f6259244e99088c","optOutClassifier.validator.required.040.laws_w","/laws\w*/gi"
"rule_89cb54259c647ea5","optOutClassifier.validator.required.044.litigat_w","/litigat\w*/gi"
"rule_0b169105345d23eb","optOutClassifier.validator.required.062.quit_w","/quit\w*/gi"
"rule_4cd3657cc60c4cfe","optOutClassifier.validator.required.063.remeuva","/remeuva/gi"
"rule_da47ed02e71f3532","optOutClassifier.validator.required.069.s_r_t_y_op","/\b(?:stop|stopped|stops|stopping)\b/ig"
"rule_b7bb84dd2fa94f57","optOutClassifier.validator.required.109.s_t_o_p","/s\s*t\s*o\s*p/gi"
"rule_bf2f32dcb19c5c5a","optOutClassifier.validator.required.070.scam_w","/scam\w*/gi"
"rule_95ef059f25008673","optOutClassifier.validator.required.074.st_i_o_p_p","/st(i|o|p)p/gi"
"rule_1ccc323db57027ee","optOutClassifier.validator.required.075.st_o_p","/(?:sto|stop)/ig"
"rule_bbe2acb99f8bb533","optOutClassifier.validator.required.087.stop2unsubscribe","/stop2unsubscribe/gi"
"rule_4713232b43ce887d","optOutClassifier.validator.required.100.telephone_consumer_protection_act","/telephone consumer protection act/gi"
"rule_2ceb64d4bb6ed08e","optOutClassifier.validator.required.101.terminat_w","/terminat\w*/gi"
"rule_e51dc7d4ebc2632c","optOutClassifier.validator.required.105.unsub_scribe_w","/unsub[scribe]\s+\w*/gi"
"rule_aafaf0652c3b58e9","optOutClassifier.validator.curated.001.stop_processing","/(dont|don\u2019t|do not|dont|donot)\s+(text|send|contact|message|bother|talk|call|write|call or text)(\s+me)\s+(\s+(any more|anymore|again))\s+/gi"
"rule_4b9df51ef76b2274","optOutClassifier.validator.curated.027.stop_processing","/\bend\s+(any|all)\s+(communication|communications|texts|text messages|messages)\b/gi"
"rule_0d2cc297cd7cc1e0","optOutClassifier.validator.curated.046.stop_processing","/\bno more texts\s+\b/gi"
"rule_74e38ff94c60de14","optOutClassifier.validator.curated.004.stop_processing","/halt\s+(texts|messages|text messages)/gi"
"rule_37e1655b9732de03","zapOptOuts.workflow.node_4.tmt.dont_text_so_much","/(?:dont|do not)\s+(?:text|message|contact)\s+(?:me\s+)?so\s+much/ig"
"rule_bd029940a2cd155a","text_less","/(?:text|message|contact)\s+me\s+less/gi"
"rule_22234963248bc250","zapOptOuts.workflow.node_4.tmt.less_often","/(?:text|message|contact|send)\s+me\s+less\s+often/ig"
"rule_b0f803daeb861cce","zapOptOuts.classifier.TMT_RULES.fewer_texts","/\b(?:send )?fewer (?:texts?|text messages?|messages?|msgs?)\b/ig"
"rule_8675fccfebc4018f","zapOptOuts.classifier.TMT_RULES.not_as_many_messages","/\bnot as many (?:texts?|text messages?|messages?|msgs?)\b/ig"
"rule_5603c582963939e3","zapOptOuts.classifier.TMT_RULES.reduce_texts","/\breduce (?:the )?(?:texts?|text messages?|messages?|msgs?)\b/ig"
"rule_621cc8d036a8f378","reduce_frequency","/\breduce (?:the )?frequency\b/gi"
"rule_c8cdec0733e820b5","zapOptOuts.classifier.TMT_RULES.send_me_less","/\bsend me less\b/gi"
"rule_5f58a29d47ea660f","zapOptOuts.classifier.TMT_RULES.slow_down_texts","/\bslow down (?:on )?(?:the )?(?:texts?|text messages?|messages?|msgs?)\b/ig"
"rule_acb4a26090a11f39","zapOptOuts.classifier.TMT_RULES.so_many_texts","/\bso many (?:texts?|text messages?|messages?|msgs?)\b/ig"
"rule_cb31523cd784b8ed","stop_texting_so_much","/\bstop (?:texting|messaging|contacting) (?:me )?so much\b/gi"
"rule_4d03052dd816366e","too_many_texts","/\btoo many (?:texts?|text messages?|messages?|msgs?)\b/gi"
"rule_0283959804bb8ff7","zapOptOuts.workflow.node_4.tmt.not_so_many_texts","/not\s+so\s+many\s+(?:texts|text\s+messages|messages|msgs)/ig"
"rule_0e9a03f5547077eb","optOutClassifier.validator.curated.085.unsubscribe","/\bstop2cancel\b/gi"
"rule_9f63a3de2702df94","optOutClassifier.validator.curated.088.unsubscribe","/\bstopannul\b/gi"
"rule_75adad750f0e91ec","optOutClassifier.validator.curated.102.unsubscribe","/\bunenroll\b/gi"
"rule_zap_not_doing_business_search","zapOptOuts.workflow.node_4.fuzzy_opt_out.not_doing_business","/\bnot\s+doing\s+business\b/gi"
