"number","group_path","name","tag","pattern","flags","source"
"1","classifier.raw_hard_rules","stop_emoji","opt_out","[ðŸ›‘âœ‹ðŸ™…ðŸš«ðŸ”•]","","optout_classifier/classifier.py"
"2","classifier.specific_request_rules","cancel_subscription","not_opt_out","\bcancel (?:my )?(?:subscription|sub|plan)\b","","optout_classifier/classifier.py"
"3","classifier.specific_request_rules","cancel_order","not_opt_out","\bcancel (?:my )?order\b","","optout_classifier/classifier.py"
"4","classifier.specific_request_rules","order_status","not_opt_out","\b(?:where(?: is|'s)? my order|order status|track(?:ing)?(?: my)? order)\b","","optout_classifier/classifier.py"
"5","classifier.specific_request_rules","refund_request","not_opt_out","\brefund\b|\breturn\b|\bexchange\b","","optout_classifier/classifier.py"
"6","classifier.specific_request_rules","shipping_request","not_opt_out","\bshipping\b|\bshipment\b|\bdelivery\b","","optout_classifier/classifier.py"
"7","classifier.specific_request_rules","account_request","not_opt_out","\b(?:update|change|reset|fix|review) (?:my )?(?:account|login|password|email|address)\b","","optout_classifier/classifier.py"
"8","classifier.specific_request_rules","billing_request","not_opt_out","\bbilling\b|\binvoice\b|\bpayment\b","","optout_classifier/classifier.py"
"9","classifier.specific_request_rules","product_request","not_opt_out","\b(?:size|inventory|availability|color|colour)\b","","optout_classifier/classifier.py"
"10","classifier.hard_rules","keyword_done","opt_out","^done$","","optout_classifier/classifier.py"
"11","classifier.hard_rules","keyword_shut_up","opt_out","(?:shut\s+(?:the\s+fuck\s+)?up|shut\s+yourself|\b(?:stfu|stdu|gtfo)\b)","","optout_classifier/classifier.py"
"12","classifier.hard_rules","opt_out","opt_out","\bopt out\b","","optout_classifier/classifier.py"
"13","classifier.hard_rules","unsubscribe","opt_out","\bunsubscribe\b","","optout_classifier/classifier.py"
"14","classifier.hard_rules","do_not_contact","opt_out","\b(?:do not|dont)\s+(?:contact|text|message|email|call)\b","","optout_classifier/classifier.py"
"15","classifier.hard_rules","stop_contacting","opt_out","\bstop\s+(?:texting|text|messaging|message|emailing|email|calling|contacting|calling)\b","","optout_classifier/classifier.py"
"16","classifier.hard_rules","remove_me_from_comms","opt_out","\bremove me from (?:texts?|text messages?|messages?|emails?|calls?|contact|(?:the |your |this )?list)\b","","optout_classifier/classifier.py"
"17","classifier.hard_rules","take_me_off_list","opt_out","\btake me off (?:the )?(?:list|your list|this list)\b","","optout_classifier/classifier.py"
"18","classifier.hard_rules","leave_me_alone","opt_out","\bleave me(?: the fuck)? alone\b","","optout_classifier/classifier.py"
"19","classifier.hard_rules","go_away","opt_out","\bgo away\b","","optout_classifier/classifier.py"
"20","classifier.hard_rules","wrong_number","opt_out","\bwrong (?:number|person)\b|\b(?:this is not|not) my number\b|\byou have the wrong number\b","","optout_classifier/classifier.py"
"21","classifier.hard_rules","number_no_longer_in_service","opt_out","\bthis phone(?: number)? is no longer in service\b","","optout_classifier/classifier.py"
"22","classifier.hard_rules","not_accepting_messages","opt_out","\bnot accepting (?:messages|texts?|emails?)\b","","optout_classifier/classifier.py"
"23","classifier.hard_rules","cannot_receive_messages","opt_out","\b(?:cannot|cant|can not|can't)\s+receive (?:messages?|texts?|emails?|calls?)\b","","optout_classifier/classifier.py"
"24","classifier.hard_rules","do_not_call","opt_out","\bdo ?not call(?: list)?\b","","optout_classifier/classifier.py"
"25","classifier.hard_rules","exact_dnc","opt_out","^dnc$","","optout_classifier/classifier.py"
"26","classifier.hard_rules","exact_stop","opt_out","^stop$","","optout_classifier/classifier.py"
"27","classifier.hard_rules","exact_quit","opt_out","^quit$","","optout_classifier/classifier.py"
"28","classifier.hard_rules","exact_end","opt_out","^end$","","optout_classifier/classifier.py"
"29","classifier.hard_rules","exact_remove","opt_out","^remove$","","optout_classifier/classifier.py"
"30","classifier.hard_rules","exact_quiet","opt_out","^quiet$","","optout_classifier/classifier.py"
"31","classifier.hard_rules","exact_unsubscribe","opt_out","^unsubscribe$","","optout_classifier/classifier.py"
"32","classifier.hard_rules","delete_information","opt_out","\bdelete (?:my )?(?:information|info|data|account)\b","","optout_classifier/classifier.py"
"33","classifier.hard_rules","pull_from_texts","opt_out","\bpull me from (?:text|texts|messages|group|thread)\b","","optout_classifier/classifier.py"
"34","classifier.hard_rules","remove_from_ads","opt_out","\bremove me from ads\b|\bstop (?:advertising|ads?)\b","","optout_classifier/classifier.py"
"35","classifier.hard_rules","profanity","opt_out","\b(?:go )?fuck(?: off| you| yourself| yall)?\b|\bgtfo\b|\bstfu\b","","optout_classifier/classifier.py"
"36","classifier.non_opt_out_rules","notification_status_or_focus_mode","not_opt_out","^i m not receiving notifications if this is urgent reply urgent to send a notification through with your original message(?: i m driving with focus turned on i ll see your message when i get where i m going)?$","","optout_classifier/classifier.py"
"37","classifier.non_opt_out_rules","subscribe_confirmation_prompt","not_opt_out","^send this text to subscribe to recurring automated personalized marketing alerts e g cart reminders from darc sport ref f jgm$","","optout_classifier/classifier.py"
"38","classifier.tmt_rules","fewer_texts","tmt","\b(?:send )?fewer (?:texts?|text messages?|messages?|msgs?)\b","","optout_classifier/classifier.py"
"39","classifier.tmt_rules","less_texts","tmt","\b(?:send )?less (?:texts?|text messages?|messages?|msgs?)\b","","optout_classifier/classifier.py"
"40","classifier.tmt_rules","less_often","tmt","\b(?:text|message|contact|send) me less often\b","","optout_classifier/classifier.py"
"41","classifier.tmt_rules","send_me_less","tmt","\bsend me less\b","","optout_classifier/classifier.py"
"42","classifier.tmt_rules","reduce_texts","tmt","\breduce (?:the )?(?:texts?|text messages?|messages?|msgs?)\b","","optout_classifier/classifier.py"
"43","classifier.tmt_rules","reduce_frequency","tmt","\breduce (?:the )?frequency\b","","optout_classifier/classifier.py"
"44","classifier.tmt_rules","lower_frequency","tmt","\blower (?:the )?frequency\b","","optout_classifier/classifier.py"
"45","classifier.tmt_rules","too_many_texts","tmt","\btoo many (?:texts?|text messages?|messages?|msgs?)\b","","optout_classifier/classifier.py"
"46","classifier.tmt_rules","so_many_texts","tmt","\bso many (?:texts?|text messages?|messages?|msgs?)\b","","optout_classifier/classifier.py"
"47","classifier.tmt_rules","not_as_many_messages","tmt","\bnot as many (?:texts?|text messages?|messages?|msgs?)\b","","optout_classifier/classifier.py"
"48","classifier.tmt_rules","stop_texting_so_much","tmt","\bstop (?:texting|messaging|contacting) (?:me )?so much\b","","optout_classifier/classifier.py"
"49","classifier.tmt_rules","stop_sending_so_many","tmt","\bstop sending (?:me )?so many (?:texts?|text messages?|messages?|msgs?)\b","","optout_classifier/classifier.py"
"50","classifier.tmt_rules","slow_down_texts","tmt","\bslow down (?:on )?(?:the )?(?:texts?|text messages?|messages?|msgs?)\b","","optout_classifier/classifier.py"
"51","classifier.tmt_rules","text_me_less","tmt","\b(?:text|message|contact) me less\b","","optout_classifier/classifier.py"
"52","classifier.tmt_rules","message_less","tmt","\bsend (?:me )?(?:texts?|text messages?|messages?|msgs?) less\b","","optout_classifier/classifier.py"
"53","classifier.txt_rules","why_are_you_texting_me","txt","\bwhy (?:are|r) (?:you|u) (?:texting|messaging|msging) me\b","","optout_classifier/classifier.py"
"54","classifier.txt_rules","why_did_you_text_me","txt","\bwhy did (?:you|u) (?:text|message|msg) me\b","","optout_classifier/classifier.py"
"55","classifier.txt_rules","why_do_you_text_me","txt","\bwhy do (?:you|u) (?:text|message|msg) me\b","","optout_classifier/classifier.py"
"56","classifier.txt_rules","why_are_you_contacting_me","txt","\bwhy (?:are|r) (?:you|u) contacting me\b","","optout_classifier/classifier.py"
"57","classifier.txt_rules","why_did_you_contact_me","txt","\bwhy did (?:you|u) contact me\b","","optout_classifier/classifier.py"
"58","classifier.txt_rules","why_am_i_getting_texts","txt","\bwhy (?:am i|do i) (?:getting|get|receive|receiving) (?:these )?(?:texts?|text messages?|messages?|msgs?)\b","","optout_classifier/classifier.py"
"59","classifier.txt_rules","why_did_i_get_this_text","txt","\bwhy did i get (?:this|these) (?:text|texts|message|messages|msg|msgs)\b","","optout_classifier/classifier.py"
"60","classifier.txt_rules","why_are_you_sending_messages","txt","\bwhy (?:are|r) (?:you|u) sending (?:me )?(?:texts?|text messages?|messages?|msgs?)\b","","optout_classifier/classifier.py"
"61","classifier.txt_rules","why_do_you_keep_texting","txt","\bwhy do (?:you|u) keep (?:texting|messaging|contacting)(?: me)?\b","","optout_classifier/classifier.py"
"62","classifier.txt_rules","who_is_this","txt","\bwho (?:is|are) (?:this|you|u)\b","","optout_classifier/classifier.py"
"63","classifier.txt_rules","how_did_you_get_my_number","txt","\bhow did (?:you|u) get my (?:number|phone number|contact)\b","","optout_classifier/classifier.py"
"64","classifier.txt_rules","where_did_you_get_my_number","txt","\bwhere did (?:you|u) get my (?:number|phone number|contact)\b","","optout_classifier/classifier.py"
"65","classifier.txt_rules","who_gave_you_my_number","txt","\bwho gave (?:you|u) my (?:number|phone number|contact)\b","","optout_classifier/classifier.py"
"66","classifier.txt_rules","i_dont_know_you","txt","\bi (?:dont|do not) know (?:you|u)\b","","optout_classifier/classifier.py"
"67","classifier.fuzzy_rules","not_a_customer_anymore","fuzzy_opt_out","\bnot a customer anymore\b","","optout_classifier/classifier.py"
"68","classifier.fuzzy_rules","never_shop_here_again","fuzzy_opt_out","\bnever shop here again\b","","optout_classifier/classifier.py"
"69","classifier.fuzzy_rules","never_come_back","fuzzy_opt_out","\bnever come back\b","","optout_classifier/classifier.py"
"70","classifier.fuzzy_rules","done_with_you","fuzzy_opt_out","\bdone with you\b","","optout_classifier/classifier.py"
"71","classifier.fuzzy_rules","done_with_brand","fuzzy_opt_out","\bdone with (?:this )?(?:brand|company|business|store|place)\b","","optout_classifier/classifier.py"
"72","classifier.fuzzy_rules","generic_done","fuzzy_opt_out","\bdone\b","","optout_classifier/classifier.py"
"73","classifier.fuzzy_rules","stop_lying","fuzzy_opt_out","\bstop lying\b","","optout_classifier/classifier.py"
"74","classifier.fuzzy_rules","quit_playing","fuzzy_opt_out","\bquit playing\b","","optout_classifier/classifier.py"
"75","classifier.fuzzy_rules","stop_wasting_my_time","fuzzy_opt_out","\bstop wasting my time\b","","optout_classifier/classifier.py"
"76","classifier.fuzzy_rules","tired_of","fuzzy_opt_out","\btired of (?:you|us|this|these|all this)\b","","optout_classifier/classifier.py"
"77","classifier.fuzzy_rules","sick_of","fuzzy_opt_out","\bsick of (?:you|us|this|these|all this)\b","","optout_classifier/classifier.py"
"78","classifier.fuzzy_rules","dont_want_any","fuzzy_opt_out","\b(?:do not|dont) want any\b","","optout_classifier/classifier.py"
"79","classifier.fuzzy_rules","dont_want_it","fuzzy_opt_out","\b(?:do not|dont) want it\b","","optout_classifier/classifier.py"
"80","classifier.fuzzy_rules","no_longer_needed","fuzzy_opt_out","\bno longer needed\b","","optout_classifier/classifier.py"
"81","classifier.fuzzy_rules","no_longer_want_it","fuzzy_opt_out","\bno longer want it\b","","optout_classifier/classifier.py"
"82","classifier.fuzzy_rules","not_interested","fuzzy_opt_out","\b(?:im|i am|we are|were)?\s*not interested\b","","optout_classifier/classifier.py"
"83","classifier.fuzzy_rules","not_subscribing","fuzzy_opt_out","\bnot subscribing\b","","optout_classifier/classifier.py"
"84","classifier.fuzzy_rules","dont_want_this_or_these","fuzzy_opt_out","\b(?:do not|dont) want (?:this|these|anything)\b","","optout_classifier/classifier.py"
"85","classifier.fuzzy_rules","finished","fuzzy_opt_out","^finished$","","optout_classifier/classifier.py"
"86","classifier.fuzzy_rules","pause","fuzzy_opt_out","^pause$","","optout_classifier/classifier.py"
"87","classifier.fuzzy_rules","shush","fuzzy_opt_out","^shush$","","optout_classifier/classifier.py"
"88","classifier.fuzzy_rules","bye","fuzzy_opt_out","^bye$","","optout_classifier/classifier.py"
"89","deterministic.not_opt_out","deterministic.not_opt_out.001","not_opt_out","cancel (my )?(order|subscription|account)","","optout_classifier/deterministic_rules.py"
"90","deterministic.not_opt_out","deterministic.not_opt_out.002","not_opt_out","refund","","optout_classifier/deterministic_rules.py"
"91","deterministic.not_opt_out","deterministic.not_opt_out.003","not_opt_out","where is my (order|package)","","optout_classifier/deterministic_rules.py"
"92","deterministic.not_opt_out","deterministic.not_opt_out.004","not_opt_out","(deliver|send me) my package","","optout_classifier/deterministic_rules.py"
"93","deterministic.not_opt_out","deterministic.not_opt_out.005","not_opt_out","ship my order","","optout_classifier/deterministic_rules.py"
"94","deterministic.not_opt_out","deterministic.not_opt_out.006","not_opt_out","coupon code","","optout_classifier/deterministic_rules.py"
"95","deterministic.not_opt_out","deterministic.not_opt_out.007","not_opt_out","(code|discount) did not work","","optout_classifier/deterministic_rules.py"
"96","deterministic.not_opt_out","deterministic.not_opt_out.008","not_opt_out","help","","optout_classifier/deterministic_rules.py"
"97","deterministic.not_opt_out","deterministic.not_opt_out.009","not_opt_out","account|subscription","","optout_classifier/deterministic_rules.py"
"98","deterministic.not_opt_out","deterministic.not_opt_out.010","not_opt_out","order updates","","optout_classifier/deterministic_rules.py"
"99","deterministic.not_opt_out","deterministic.not_opt_out.011","not_opt_out","top","","optout_classifier/deterministic_rules.py"
"100","deterministic.not_opt_out","deterministic.not_opt_out.012","not_opt_out","shop","","optout_classifier/deterministic_rules.py"
"101","deterministic.not_opt_out","deterministic.not_opt_out.013","not_opt_out","start","","optout_classifier/deterministic_rules.py"
"102","deterministic.not_opt_out","deterministic.not_opt_out.014","not_opt_out","subscribe","","optout_classifier/deterministic_rules.py"
"103","deterministic.not_opt_out","deterministic.not_opt_out.015","not_opt_out","unstop","","optout_classifier/deterministic_rules.py"
"104","deterministic.not_opt_out","deterministic.not_opt_out.016","not_opt_out","could you do me a huge favor please accept my invite so that i can get free gifts","","optout_classifier/deterministic_rules.py"
"105","deterministic.not_opt_out","deterministic.not_opt_out.017","not_opt_out","claim 5 free shein products now click the link to help and let's both win big","","optout_classifier/deterministic_rules.py"
"106","deterministic.not_opt_out","deterministic.not_opt_out.018","not_opt_out","check out my bet on fanduel sportsbook","","optout_classifier/deterministic_rules.py"
"107","deterministic.not_opt_out","deterministic.not_opt_out.019","not_opt_out","10 shein freebies and a 50 allowance for the lucky just click and claim-so easy","","optout_classifier/deterministic_rules.py"
"108","deterministic.not_opt_out","deterministic.not_opt_out.020","not_opt_out","i m","","optout_classifier/deterministic_rules.py"
"109","deterministic.not_opt_out","deterministic.not_opt_out.021","not_opt_out","loved an image","","optout_classifier/deterministic_rules.py"
"110","deterministic.not_opt_out","deterministic.not_opt_out.022","not_opt_out","save","","optout_classifier/deterministic_rules.py"
"111","deterministic.not_opt_out","deterministic.not_opt_out.023","not_opt_out","take10","","optout_classifier/deterministic_rules.py"
"112","deterministic.not_opt_out","deterministic.not_opt_out.024","not_opt_out","nice","","optout_classifier/deterministic_rules.py"
"113","deterministic.not_opt_out","deterministic.not_opt_out.025","not_opt_out","michaels michaels","","optout_classifier/deterministic_rules.py"
"114","deterministic.not_opt_out","deterministic.not_opt_out.026","not_opt_out","michaels","","optout_classifier/deterministic_rules.py"
"115","deterministic.not_opt_out","deterministic.not_opt_out.027","not_opt_out","oh","","optout_classifier/deterministic_rules.py"
"116","deterministic.not_opt_out","deterministic.not_opt_out.028","not_opt_out","lol","","optout_classifier/deterministic_rules.py"
"117","deterministic.not_opt_out","deterministic.not_opt_out.029","not_opt_out","sri","","optout_classifier/deterministic_rules.py"
"118","deterministic.not_opt_out","deterministic.not_opt_out.030","not_opt_out","fabulous","","optout_classifier/deterministic_rules.py"
"119","deterministic.not_opt_out","deterministic.not_opt_out.031","not_opt_out","67","","optout_classifier/deterministic_rules.py"
"120","deterministic.not_opt_out","deterministic.not_opt_out.032","not_opt_out","the","","optout_classifier/deterministic_rules.py"
"121","deterministic.not_opt_out","deterministic.not_opt_out.033","not_opt_out","attn hey i need help with something","","optout_classifier/deterministic_rules.py"
"122","deterministic.not_opt_out","deterministic.not_opt_out.035","not_opt_out","support","","optout_classifier/deterministic_rules.py"
"123","deterministic.not_opt_out","deterministic.not_opt_out.036","not_opt_out","where is my order","","optout_classifier/deterministic_rules.py"
"124","deterministic.not_opt_out","deterministic.not_opt_out.037","not_opt_out","where is my package","","optout_classifier/deterministic_rules.py"
"125","deterministic.not_opt_out","deterministic.not_opt_out.038","not_opt_out","free shipping","","optout_classifier/deterministic_rules.py"
"126","deterministic.not_opt_out","deterministic.not_opt_out.039","not_opt_out","cancel order","","optout_classifier/deterministic_rules.py"
"127","deterministic.not_opt_out","deterministic.not_opt_out.040","not_opt_out","where s my order","","optout_classifier/deterministic_rules.py"
"128","deterministic.not_opt_out","deterministic.not_opt_out.041","not_opt_out","too expensive","","optout_classifier/deterministic_rules.py"
"129","deterministic.not_opt_out","deterministic.not_opt_out.043","not_opt_out","discount code","","optout_classifier/deterministic_rules.py"
"130","deterministic.not_opt_out","deterministic.not_opt_out.044","not_opt_out","code","","optout_classifier/deterministic_rules.py"
"131","deterministic.not_opt_out","deterministic.not_opt_out.045","not_opt_out","coupon","","optout_classifier/deterministic_rules.py"
"132","deterministic.not_opt_out","deterministic.not_opt_out.046","not_opt_out","discount","","optout_classifier/deterministic_rules.py"
"133","deterministic.not_opt_out","deterministic.not_opt_out.047","not_opt_out","code doesn t work","","optout_classifier/deterministic_rules.py"
"134","deterministic.not_opt_out","deterministic.not_opt_out.048","not_opt_out","promo code","","optout_classifier/deterministic_rules.py"
"135","deterministic.not_opt_out","deterministic.not_opt_out.050","not_opt_out","code not working","","optout_classifier/deterministic_rules.py"
"136","deterministic.not_opt_out","deterministic.not_opt_out.051","not_opt_out","thank you","","optout_classifier/deterministic_rules.py"
"137","deterministic.not_opt_out","deterministic.not_opt_out.052","not_opt_out","thank you so much","","optout_classifier/deterministic_rules.py"
"138","deterministic.not_opt_out","deterministic.not_opt_out.053","not_opt_out","thx","","optout_classifier/deterministic_rules.py"
"139","deterministic.not_opt_out","deterministic.not_opt_out.054","not_opt_out","thanks","","optout_classifier/deterministic_rules.py"
"140","deterministic.not_opt_out","deterministic.not_opt_out.055","not_opt_out","price","","optout_classifier/deterministic_rules.py"
"141","deterministic.not_opt_out","deterministic.not_opt_out.056","not_opt_out","how much is it","","optout_classifier/deterministic_rules.py"
"142","deterministic.not_opt_out","deterministic.not_opt_out.057","not_opt_out","how much","","optout_classifier/deterministic_rules.py"
"143","deterministic.not_opt_out","deterministic.not_opt_out.058","not_opt_out","can i call you later","","optout_classifier/deterministic_rules.py"
"144","deterministic.not_opt_out","deterministic.not_opt_out.059","not_opt_out","hi","","optout_classifier/deterministic_rules.py"
"145","deterministic.not_opt_out","deterministic.not_opt_out.060","not_opt_out","hello","","optout_classifier/deterministic_rules.py"
"146","deterministic.not_opt_out","deterministic.not_opt_out.061","not_opt_out","hey","","optout_classifier/deterministic_rules.py"
"147","deterministic.not_opt_out","deterministic.not_opt_out.062","not_opt_out","yo","","optout_classifier/deterministic_rules.py"
"148","deterministic.not_opt_out","deterministic.not_opt_out.063","not_opt_out","i m driving sent from my car","","optout_classifier/deterministic_rules.py"
"149","deterministic.not_opt_out","deterministic.not_opt_out.064","not_opt_out","driving can t text sent from my rogue","","optout_classifier/deterministic_rules.py"
"150","deterministic.not_opt_out","deterministic.not_opt_out.065","not_opt_out","i'm driving with focus turned on i'll see your message when i get where i'm going","","optout_classifier/deterministic_rules.py"
"151","deterministic.not_opt_out","deterministic.not_opt_out.066","not_opt_out","driving can t text sent from my altima","","optout_classifier/deterministic_rules.py"
"152","deterministic.not_opt_out","deterministic.not_opt_out.067","not_opt_out","driving can t text","","optout_classifier/deterministic_rules.py"
"153","deterministic.not_opt_out","deterministic.not_opt_out.068","not_opt_out","driving can t text sent from my rogue sport","","optout_classifier/deterministic_rules.py"
"154","deterministic.not_opt_out","deterministic.not_opt_out.069","not_opt_out","driving can t text sent from my sentra","","optout_classifier/deterministic_rules.py"
"155","deterministic.not_opt_out","deterministic.not_opt_out.070","not_opt_out","i'm driving with do not disturb while driving turned on i'll see your message when i get where i'm going","","optout_classifier/deterministic_rules.py"
"156","deterministic.not_opt_out","deterministic.not_opt_out.071","not_opt_out","driving can t text sent from my kicks","","optout_classifier/deterministic_rules.py"
"157","deterministic.not_opt_out","deterministic.not_opt_out.072","not_opt_out","estoy conduciendo sent from my car","","optout_classifier/deterministic_rules.py"
"158","deterministic.not_opt_out","deterministic.not_opt_out.073","not_opt_out","i am driving sent from my altima","","optout_classifier/deterministic_rules.py"
"159","deterministic.not_opt_out","deterministic.not_opt_out.074","not_opt_out","driving can t text sent from my titan","","optout_classifier/deterministic_rules.py"
"160","deterministic.not_opt_out","deterministic.not_opt_out.075","not_opt_out","i'm not receiving notifications if this is urgent reply \""urgent\"" to send a notification through with your original message","","optout_classifier/deterministic_rules.py"
"161","deterministic.not_opt_out","deterministic.not_opt_out.076","not_opt_out","thanks for reaching out i can t chat at the moment but i ll text you back as soon as i can thanks sent from text free","","optout_classifier/deterministic_rules.py"
"162","deterministic.not_opt_out","deterministic.not_opt_out.077","not_opt_out","what s the code","","optout_classifier/deterministic_rules.py"
"163","deterministic.not_opt_out","deterministic.not_opt_out.078","not_opt_out","welcome15","","optout_classifier/deterministic_rules.py"
"164","deterministic.not_opt_out","deterministic.not_opt_out.079","not_opt_out","the code doesn t work","","optout_classifier/deterministic_rules.py"
"165","deterministic.not_opt_out","deterministic.not_opt_out.080","not_opt_out","thanks for reaching out i can t chat at the moment but i ll text you back as soon as i can thanks","","optout_classifier/deterministic_rules.py"
"166","deterministic.not_opt_out","deterministic.not_opt_out.081","not_opt_out","thanks so much","","optout_classifier/deterministic_rules.py"
"167","deterministic.not_opt_out","deterministic.not_opt_out.082","not_opt_out","thank u","","optout_classifier/deterministic_rules.py"
"168","deterministic.not_opt_out","deterministic.not_opt_out.083","not_opt_out","test","","optout_classifier/deterministic_rules.py"
"169","deterministic.not_opt_out","deterministic.not_opt_out.084","not_opt_out","liked \""no problem feel free to reach out anytime i m always here to help \""","","optout_classifier/deterministic_rules.py"
"170","deterministic.not_opt_out","deterministic.not_opt_out.085","not_opt_out","driving can t text sent from my car","","optout_classifier/deterministic_rules.py"
"171","deterministic.not_opt_out","deterministic.not_opt_out.086","not_opt_out","driving can t text sent from my murano","","optout_classifier/deterministic_rules.py"
"172","deterministic.not_opt_out","deterministic.not_opt_out.087","not_opt_out","customer service","","optout_classifier/deterministic_rules.py"
"173","deterministic.not_opt_out","deterministic.not_opt_out.088","not_opt_out","coupons","","optout_classifier/deterministic_rules.py"
"174","deterministic.not_opt_out","deterministic.not_opt_out.089","not_opt_out","call me asap","","optout_classifier/deterministic_rules.py"
"175","deterministic.not_opt_out","deterministic.not_opt_out.090","not_opt_out","any discount codes","","optout_classifier/deterministic_rules.py"
"176","deterministic.hard_opt_out","deterministic.hard_opt_out.001","opt_out","(stop|don't|dont|do not) (texting|text|emailing|email|messaging|message)( me)?","","optout_classifier/deterministic_rules.py"
"177","deterministic.hard_opt_out","deterministic.hard_opt_out.002","opt_out","stop (calling|contacting|messaging|emailing)( me)?","","optout_classifier/deterministic_rules.py"
"178","deterministic.hard_opt_out","deterministic.hard_opt_out.003","opt_out","stop (texting|emailing|messaging) (me|me now|this number|this email)","","optout_classifier/deterministic_rules.py"
"179","deterministic.hard_opt_out","deterministic.hard_opt_out.004","opt_out","stop (sending|sending me) (texts|messages|emails|email)","","optout_classifier/deterministic_rules.py"
"180","deterministic.hard_opt_out","deterministic.hard_opt_out.005","opt_out","unsubscribe( me)?","","optout_classifier/deterministic_rules.py"
"181","deterministic.hard_opt_out","deterministic.hard_opt_out.006","opt_out","unsubscribe (me|my number|my email)","","optout_classifier/deterministic_rules.py"
"182","deterministic.hard_opt_out","deterministic.hard_opt_out.007","opt_out","take me off( the list| your list| this list)?","","optout_classifier/deterministic_rules.py"
"183","deterministic.hard_opt_out","deterministic.hard_opt_out.008","opt_out","no more (messages|texts|emails|calls|contact|communications?)","","optout_classifier/deterministic_rules.py"
"184","deterministic.hard_opt_out","deterministic.hard_opt_out.009","opt_out","(don't|dont|do not) (talk|speak|message|email|text) to me","","optout_classifier/deterministic_rules.py"
"185","deterministic.hard_opt_out","deterministic.hard_opt_out.010","opt_out","(don't|dont|do not) contact( me)?(/?dnc)?","","optout_classifier/deterministic_rules.py"
"186","deterministic.hard_opt_out","deterministic.hard_opt_out.011","opt_out","delete my information","","optout_classifier/deterministic_rules.py"
"187","deterministic.hard_opt_out","deterministic.hard_opt_out.012","opt_out","remove my number","","optout_classifier/deterministic_rules.py"
"188","deterministic.hard_opt_out","deterministic.hard_opt_out.013","opt_out","wrong number","","optout_classifier/deterministic_rules.py"
"189","deterministic.hard_opt_out","deterministic.hard_opt_out.014","opt_out","this phone number is no longer in service","","optout_classifier/deterministic_rules.py"
"190","deterministic.hard_opt_out","deterministic.hard_opt_out.015","opt_out","not accepting (messages|texts|emails)","","optout_classifier/deterministic_rules.py"
"191","deterministic.hard_opt_out","deterministic.hard_opt_out.016","opt_out","you have the wrong person","","optout_classifier/deterministic_rules.py"
"192","deterministic.hard_opt_out","deterministic.hard_opt_out.017","opt_out","i (didn't|didnt) subscribe","","optout_classifier/deterministic_rules.py"
"193","deterministic.hard_opt_out","deterministic.hard_opt_out.018","opt_out","this is a kosher talk only device and does not accept text messages","","optout_classifier/deterministic_rules.py"
"194","deterministic.hard_opt_out","deterministic.hard_opt_out.019","opt_out","this phone can not receive sms/mms messages","","optout_classifier/deterministic_rules.py"
"195","deterministic.hard_opt_out","deterministic.hard_opt_out.020","opt_out","(how can i|can you help me) unsubscribe","","optout_classifier/deterministic_rules.py"
"196","deterministic.hard_opt_out","deterministic.hard_opt_out.021","opt_out","how can i stop receiving (texts|emails|messages)","","optout_classifier/deterministic_rules.py"
"197","deterministic.hard_opt_out","deterministic.hard_opt_out.022","opt_out","if you (don't|dont) do this right now, stop texting me","","optout_classifier/deterministic_rules.py"
"198","deterministic.hard_opt_out","deterministic.hard_opt_out.023","opt_out","once i get my order, i'm going to block you","","optout_classifier/deterministic_rules.py"
"199","deterministic.hard_opt_out","deterministic.hard_opt_out.024","opt_out","don't text until you resolve my issue","","optout_classifier/deterministic_rules.py"
"200","deterministic.hard_opt_out","deterministic.hard_opt_out.025","opt_out","i don't want to hear from you","","optout_classifier/deterministic_rules.py"
"201","deterministic.hard_opt_out","deterministic.hard_opt_out.026","opt_out","i don't want to be here","","optout_classifier/deterministic_rules.py"
"202","deterministic.hard_opt_out","deterministic.hard_opt_out.027","opt_out","i'm tired of you","","optout_classifier/deterministic_rules.py"
"203","deterministic.hard_opt_out","deterministic.hard_opt_out.028","opt_out","i'm tired of y'all","","optout_classifier/deterministic_rules.py"
"204","deterministic.hard_opt_out","deterministic.hard_opt_out.029","opt_out","i'm not trying to fucking be here","","optout_classifier/deterministic_rules.py"
"205","deterministic.hard_opt_out","deterministic.hard_opt_out.030","opt_out","don't ask again","","optout_classifier/deterministic_rules.py"
"206","deterministic.hard_opt_out","deterministic.hard_opt_out.031","opt_out","dont ask again","","optout_classifier/deterministic_rules.py"
"207","deterministic.hard_opt_out","deterministic.hard_opt_out.032","opt_out","^\s*(?:stop|end|done|remove|cancel|unsubscribe|opt(?:-| )?out|quit|revoke|drop|unfollow|junk|block|rmv|cncl|unsub|unsbscrbe|inscribe me|oot out|qwit|rvke|edn|dne|st0p|sto0p|atop|stp|stip|wtop|dtop|sto|srop|syop|stoo|stops|sto0|stpp|stope|sop|please stop|off|delete|sybau)\s*$","","optout_classifier/deterministic_rules.py"
"208","deterministic.hard_opt_out","deterministic.hard_opt_out.033","opt_out","i'm blocking you","","optout_classifier/deterministic_rules.py"
"209","deterministic.hard_opt_out","deterministic.hard_opt_out.034","opt_out","i'm deleting you","","optout_classifier/deterministic_rules.py"
"210","deterministic.hard_opt_out","deterministic.hard_opt_out.035","opt_out","i'm removing your number","","optout_classifier/deterministic_rules.py"
"211","deterministic.hard_opt_out","deterministic.hard_opt_out.036","opt_out","delete this account","","optout_classifier/deterministic_rules.py"
"212","deterministic.hard_opt_out","deterministic.hard_opt_out.037","opt_out","fuck off","","optout_classifier/deterministic_rules.py"
"213","deterministic.hard_opt_out","deterministic.hard_opt_out.038","opt_out","fuck you","","optout_classifier/deterministic_rules.py"
"214","deterministic.hard_opt_out","deterministic.hard_opt_out.039","opt_out","fu","","optout_classifier/deterministic_rules.py"
"215","deterministic.hard_opt_out","deterministic.hard_opt_out.040","opt_out","fuck yourself","","optout_classifier/deterministic_rules.py"
"216","deterministic.hard_opt_out","deterministic.hard_opt_out.041","opt_out","i'm reporting you to the bbb","","optout_classifier/deterministic_rules.py"
"217","deterministic.hard_opt_out","deterministic.hard_opt_out.042","opt_out","i'm going to sue you","","optout_classifier/deterministic_rules.py"
"218","deterministic.hard_opt_out","deterministic.hard_opt_out.043","opt_out","gtfo","","optout_classifier/deterministic_rules.py"
"219","deterministic.hard_opt_out","deterministic.hard_opt_out.044","opt_out","shut up","","optout_classifier/deterministic_rules.py"
"220","deterministic.hard_opt_out","deterministic.hard_opt_out.045","opt_out","beat it","","optout_classifier/deterministic_rules.py"
"221","deterministic.hard_opt_out","deterministic.hard_opt_out.046","opt_out","stfu","","optout_classifier/deterministic_rules.py"
"222","deterministic.hard_opt_out","deterministic.hard_opt_out.047","opt_out","leave me alone","","optout_classifier/deterministic_rules.py"
"223","deterministic.hard_opt_out","deterministic.hard_opt_out.048","opt_out","eat shit","","optout_classifier/deterministic_rules.py"
"224","deterministic.hard_opt_out","deterministic.hard_opt_out.049","opt_out","fuck fashion nova","","optout_classifier/deterministic_rules.py"
"225","deterministic.hard_opt_out","deterministic.hard_opt_out.050","opt_out","\u{1F6D1}","","optout_classifier/deterministic_rules.py"
"226","deterministic.hard_opt_out","deterministic.hard_opt_out.051","opt_out","\u{270B}","","optout_classifier/deterministic_rules.py"
"227","deterministic.hard_opt_out","deterministic.hard_opt_out.052","opt_out","\u{1F595}","","optout_classifier/deterministic_rules.py"
"228","deterministic.hard_opt_out","deterministic.hard_opt_out.053","opt_out","this phone does not accept text messages please call instead this is an automatic reply","","optout_classifier/deterministic_rules.py"
"229","deterministic.hard_opt_out","deterministic.hard_opt_out.054","opt_out","this is an automatic message this is a kosher talk only device and does not accept text messages please call instead","","optout_classifier/deterministic_rules.py"
"230","deterministic.direct_expanded","deterministic.direct_expanded.001","opt_out","leave me( the fuck)? alone","","optout_classifier/deterministic_rules.py"
"231","deterministic.direct_expanded","deterministic.direct_expanded.002","opt_out","go away","","optout_classifier/deterministic_rules.py"
"232","deterministic.direct_expanded","deterministic.direct_expanded.003","opt_out","stop (bothering|harassing|spamming) me","","optout_classifier/deterministic_rules.py"
"233","deterministic.direct_expanded","deterministic.direct_expanded.004","opt_out","(don't|dont) bother me( anymore)?","","optout_classifier/deterministic_rules.py"
"234","deterministic.direct_expanded","deterministic.direct_expanded.005","opt_out","stop the spam","","optout_classifier/deterministic_rules.py"
"235","deterministic.direct_expanded","deterministic.direct_expanded.006","opt_out","stop with (the|these) (texts|messages)","","optout_classifier/deterministic_rules.py"
"236","deterministic.direct_expanded","deterministic.direct_expanded.007","opt_out","quit (texting me|contacting me)","","optout_classifier/deterministic_rules.py"
"237","deterministic.direct_expanded","deterministic.direct_expanded.008","opt_out","quit sending (messages|this text|texts|me texts)","","optout_classifier/deterministic_rules.py"
"238","deterministic.direct_expanded","deterministic.direct_expanded.009","opt_out","i (don't|dont) want (texts|text messages|messages)","","optout_classifier/deterministic_rules.py"
"239","deterministic.direct_expanded","deterministic.direct_expanded.010","opt_out","i (don't|dont) want to receive (messages|texts)","","optout_classifier/deterministic_rules.py"
"240","deterministic.direct_expanded","deterministic.direct_expanded.011","opt_out","i no longer want( to receive)? (messages|texts)","","optout_classifier/deterministic_rules.py"
"241","deterministic.direct_expanded","deterministic.direct_expanded.012","opt_out","i (don't|dont) want (this|these) anymore","","optout_classifier/deterministic_rules.py"
"242","deterministic.direct_expanded","deterministic.direct_expanded.013","opt_out","i (don't|dont) want (anything from you|further communication)","","optout_classifier/deterministic_rules.py"
"243","deterministic.direct_expanded","deterministic.direct_expanded.014","opt_out","i never (opted in|signed up|subscribed)","","optout_classifier/deterministic_rules.py"
"244","deterministic.direct_expanded","deterministic.direct_expanded.015","opt_out","i (didn't|didnt) (opt in|sign up)","","optout_classifier/deterministic_rules.py"
"245","deterministic.direct_expanded","deterministic.direct_expanded.016","opt_out","i was not subscribed","","optout_classifier/deterministic_rules.py"
"246","deterministic.direct_expanded","deterministic.direct_expanded.017","opt_out","(i'm|im) not subscribing","","optout_classifier/deterministic_rules.py"
"247","deterministic.direct_expanded","deterministic.direct_expanded.018","opt_out","(not|no longer) interested stop?","","optout_classifier/deterministic_rules.py"
"248","deterministic.direct_expanded","deterministic.direct_expanded.019","opt_out","please remove","","optout_classifier/deterministic_rules.py"
"249","deterministic.direct_expanded","deterministic.direct_expanded.020","opt_out","no thanks stop","","optout_classifier/deterministic_rules.py"
"250","deterministic.direct_expanded","deterministic.fuzzy_opt_out.021","fuzzy_opt_out","we are not interested","","optout_classifier/deterministic_rules.py"
"251","deterministic.direct_expanded","deterministic.fuzzy_opt_out.022","fuzzy_opt_out","(i'm|im|i am) not interested","","optout_classifier/deterministic_rules.py"
"252","deterministic.direct_expanded","deterministic.direct_expanded.023","opt_out","no need to text me","","optout_classifier/deterministic_rules.py"
"253","deterministic.direct_expanded","deterministic.direct_expanded.024","opt_out","you (don't|dont) have to text me","","optout_classifier/deterministic_rules.py"
"254","deterministic.direct_expanded","deterministic.direct_expanded.025","opt_out","(don't|dont) send me emails or texts","","optout_classifier/deterministic_rules.py"
"255","deterministic.direct_expanded","deterministic.direct_expanded.028","opt_out","unsubsidized me","","optout_classifier/deterministic_rules.py"
"256","deterministic.direct_expanded","deterministic.direct_expanded.029","opt_out","(i )?only want updates on my order","","optout_classifier/deterministic_rules.py"
"257","deterministic.direct_expanded","deterministic.direct_expanded.030","opt_out","i (don't|dont) need (anything else|this)","","optout_classifier/deterministic_rules.py"
"258","deterministic.indirect","deterministic.indirect.001","opt_out","block(ed)?( me)?","","optout_classifier/deterministic_rules.py"
"259","deterministic.indirect","deterministic.indirect.002","opt_out","block (this|the) number","","optout_classifier/deterministic_rules.py"
"260","deterministic.indirect","deterministic.indirect.003","opt_out","(i'm|im) blocking you","","optout_classifier/deterministic_rules.py"
"261","deterministic.indirect","deterministic.indirect.004","opt_out","i will block you","","optout_classifier/deterministic_rules.py"
"262","deterministic.indirect","deterministic.indirect.005","opt_out","(i'll|ill) block you","","optout_classifier/deterministic_rules.py"
"263","deterministic.indirect","deterministic.indirect.006","opt_out","report(ed)?","","optout_classifier/deterministic_rules.py"
"264","deterministic.indirect","deterministic.indirect.007","opt_out","report(ed as)? spam","","optout_classifier/deterministic_rules.py"
"265","deterministic.indirect","deterministic.indirect.008","opt_out","spam|scam(mer)?","","optout_classifier/deterministic_rules.py"
"266","deterministic.indirect","deterministic.indirect.009","opt_out","harass(ment|ing)","","optout_classifier/deterministic_rules.py"
"267","deterministic.indirect","deterministic.indirect.010","opt_out","do(-| )?not(-| )?call( list)?","","optout_classifier/deterministic_rules.py"
"268","deterministic.indirect","deterministic.indirect.011","opt_out","sue|lawsuit|legal action|attorney|lawyer|complaint","","optout_classifier/deterministic_rules.py"
"269","deterministic.indirect","deterministic.indirect.012","opt_out","BBB","","optout_classifier/deterministic_rules.py"
"270","deterministic.indirect","deterministic.indirect.013","opt_out","wrong (number|person)","","optout_classifier/deterministic_rules.py"
"271","deterministic.indirect","deterministic.indirect.014","opt_out","(not|this (isn't|isnt)) my number","","optout_classifier/deterministic_rules.py"
"272","deterministic.indirect","deterministic.indirect.015","opt_out","you (have|got) the wrong number","","optout_classifier/deterministic_rules.py"
"273","deterministic.indirect","deterministic.indirect.016","txt","who (is this|are you|are (y'all|yall))","","optout_classifier/deterministic_rules.py"
"274","deterministic.indirect","deterministic.indirect.017","txt","i (don't|dont) know you","","optout_classifier/deterministic_rules.py"
"275","deterministic.indirect","deterministic.indirect.018","opt_out","trying to get in touch with","","optout_classifier/deterministic_rules.py"
"276","deterministic.indirect","deterministic.indirect.019","opt_out","delete me as your contact","","optout_classifier/deterministic_rules.py"
"277","deterministic.indirect","deterministic.indirect.020","fuzzy_opt_out","(i'm|im) done","","optout_classifier/deterministic_rules.py"
"278","deterministic.indirect","deterministic.indirect.021","fuzzy_opt_out","finished|pause|shush|stfu","","optout_classifier/deterministic_rules.py"
"279","deterministic.indirect","deterministic.indirect.022","opt_out","shut( the fuck)? up","","optout_classifier/deterministic_rules.py"
"280","deterministic.indirect","deterministic.indirect.023","opt_out","fuck (off|you)","","optout_classifier/deterministic_rules.py"
"281","deterministic.indirect","deterministic.indirect.024","opt_out","go fuck yourself","","optout_classifier/deterministic_rules.py"
"282","deterministic.fuzzy_opt_out","deterministic.fuzzy_opt_out.001","fuzzy_opt_out","(i'm|im|i am) not a customer anymore","","optout_classifier/deterministic_rules.py"
"283","deterministic.fuzzy_opt_out","deterministic.fuzzy_opt_out.002","fuzzy_opt_out","(i'll|ill) never shop here again","","optout_classifier/deterministic_rules.py"
"284","deterministic.fuzzy_opt_out","deterministic.fuzzy_opt_out.003","fuzzy_opt_out","(i'll|ill) never come back","","optout_classifier/deterministic_rules.py"
"285","deterministic.fuzzy_opt_out","deterministic.fuzzy_opt_out.004","fuzzy_opt_out","(i'm|im|i am) done with you","","optout_classifier/deterministic_rules.py"
"286","deterministic.fuzzy_opt_out","deterministic.fuzzy_opt_out.005","fuzzy_opt_out","(i'm|im|i am) done with this brand","","optout_classifier/deterministic_rules.py"
"287","deterministic.fuzzy_opt_out","deterministic.fuzzy_opt_out.006","fuzzy_opt_out","stop lying","","optout_classifier/deterministic_rules.py"
"288","deterministic.fuzzy_opt_out","deterministic.fuzzy_opt_out.007","fuzzy_opt_out","quit playing","","optout_classifier/deterministic_rules.py"
"289","deterministic.fuzzy_opt_out","deterministic.fuzzy_opt_out.008","fuzzy_opt_out","stop wasting my time","","optout_classifier/deterministic_rules.py"
"290","deterministic.fuzzy_opt_out","deterministic.fuzzy_opt_out.009","fuzzy_opt_out","(i don't|i dont|i do not) want( any| it| these| this)?","","optout_classifier/deterministic_rules.py"
"291","deterministic.fuzzy_opt_out","deterministic.fuzzy_opt_out.010","fuzzy_opt_out","(i don't|i dont|i do not) want it","","optout_classifier/deterministic_rules.py"
"292","deterministic.fuzzy_opt_out","deterministic.fuzzy_opt_out.011","fuzzy_opt_out","(i don't|i dont|i do not) want any","","optout_classifier/deterministic_rules.py"
"293","deterministic.fuzzy_opt_out","deterministic.fuzzy_opt_out.012","fuzzy_opt_out","(i don't|i dont|i do not) want these","","optout_classifier/deterministic_rules.py"
"294","deterministic.fuzzy_opt_out","deterministic.fuzzy_opt_out.013","fuzzy_opt_out","no longer needed","","optout_classifier/deterministic_rules.py"
"295","deterministic.fuzzy_opt_out","deterministic.fuzzy_opt_out.014","fuzzy_opt_out","no longer want( it| this| these)?","","optout_classifier/deterministic_rules.py"
"296","deterministic.fuzzy_opt_out","deterministic.fuzzy_opt_out.015","fuzzy_opt_out","not interested","","optout_classifier/deterministic_rules.py"
"297","deterministic.fuzzy_opt_out","deterministic.fuzzy_opt_out.017","fuzzy_opt_out","i'm done","","optout_classifier/deterministic_rules.py"
"298","deterministic.fuzzy_opt_out","deterministic.fuzzy_opt_out.018","fuzzy_opt_out","i don't want this brand","","optout_classifier/deterministic_rules.py"
"299","deterministic.fuzzy_opt_out","deterministic.fuzzy_opt_out.019","fuzzy_opt_out","i don't want any more","","optout_classifier/deterministic_rules.py"
"300","deterministic.fuzzy_opt_out","deterministic.fuzzy_opt_out.020","fuzzy_opt_out","i don't want more","","optout_classifier/deterministic_rules.py"
"301","zapier_code_step.opt_out","stop_emoji","opt_out","(?:\u{1F6D1}|\u{270B}\u{FE0F}?[\u{1F3FB}-\u{1F3FF}]?|\u{1F645}[\u{1F3FB}-\u{1F3FF}]?(?:\u{200D}[\u{2640}\u{2642}]\u{FE0F}?)?|\u{1F6AB}|\u{1F515})","u","opt-out-workflow.json node 4 code step"
"302","zapier_code_step.opt_out","keyword_done","opt_out","^\s*done[.!?,;:]*\s*$","i","opt-out-workflow.json node 4 code step"
"303","zapier_code_step.opt_out","keyword_shut_up","opt_out","(?:shut\s+(?:the\s+fuck\s+)?up|shut\s+yourself|\b(?:stfu|stdu)\b)","","opt-out-workflow.json node 4 code step"
"304","zapier_code_step.opt_out","kosher_talk_only_auto_reply","opt_out","^this is an automatic message this is a kosher talk only device and does not accept text messages please call instead$","","opt-out-workflow.json node 4 code step"
"305","zapier_code_step.opt_out","phone_does_not_accept_texts_auto_reply","opt_out","^this phone does not accept text messages please call instead this is an automatic reply$","","opt-out-workflow.json node 4 code step"
"306","zapier_code_step.opt_out","profanity","opt_out","(?:go\s+)?fuck\s+(?:off |you |yall |yourself )","","opt-out-workflow.json node 4 code step"
"307","zapier_code_step.opt_out","stop_texting_emailing_messaging","opt_out","(?:stop|dont|do not)\s+(?:texting|text|emailing|email|messaging|message)(?:\s+me)?","","opt-out-workflow.json node 4 code step"
"308","zapier_code_step.opt_out","stop_calling_contacting","opt_out","stop\s+(?:calling|contacting|messaging|emailing)(?:\s+me)?","","opt-out-workflow.json node 4 code step"
"309","zapier_code_step.opt_out","unsubscribe","opt_out","unsubscribe(?:\s+me)?","","opt-out-workflow.json node 4 code step"
"310","zapier_code_step.opt_out","take_me_off_list","opt_out","take\s+me\s+off(?:\s+the\s+list|\s+your\s+list|\s+this\s+list)?","","opt-out-workflow.json node 4 code step"
"311","zapier_code_step.opt_out","no_more_communications","opt_out","no\s+more\s+(?:messages?|texts?|emails?|calls?|contact|communications?)","","opt-out-workflow.json node 4 code step"
"312","zapier_code_step.opt_out","do_not_talk_to_me","opt_out","(?:dont|do not)\s+(?:(?:talk|speak|message|email|text)\s+to\s+me|text\s+me)","","opt-out-workflow.json node 4 code step"
"313","zapier_code_step.opt_out","do_not_contact_me","opt_out","(?:dont|do not)\s+contact(?:\s+me)?","","opt-out-workflow.json node 4 code step"
"314","zapier_code_step.opt_out","delete_my_information","opt_out","delete\s+(?:(?:my\s+)?(?:information|info)|me\s+as\s+your\s+contact)","","opt-out-workflow.json node 4 code step"
"315","zapier_code_step.opt_out","remove_my_number","opt_out","remove\s+my\s+number","","opt-out-workflow.json node 4 code step"
"316","zapier_code_step.opt_out","wrong_number","opt_out","(?:wrong\s+(?:number|person)|(?:not|this\s+(?:isnt|is not))\s+my\s+number|you\s+(?:have|got)\s+the\s+wrong\s+number)","","opt-out-workflow.json node 4 code step"
"317","zapier_code_step.opt_out","number_no_longer_in_service","opt_out","this\s+phone\s+(?:number\s+)?is\s+no\s+longer\s+in\s+service","","opt-out-workflow.json node 4 code step"
"318","zapier_code_step.opt_out","not_accepting_messages","opt_out","not\s+accepting\s+(?:messages|texts|emails)","","opt-out-workflow.json node 4 code step"
"319","zapier_code_step.opt_out","wrong_person","opt_out","you\s+have\s+the\s+wrong\s+person","","opt-out-workflow.json node 4 code step"
"320","zapier_code_step.opt_out","did_not_subscribe","opt_out","didnt\s+subscribe","","opt-out-workflow.json node 4 code step"
"321","zapier_code_step.opt_out","not_subscribed","opt_out","(?:was\s+)?not\s+subscribed","","opt-out-workflow.json node 4 code step"
"322","zapier_code_step.opt_out","not_opted_in","opt_out","(?:never|didnt)\s*(?:opted\s+in|signed\s+up|subscribed?)","","opt-out-workflow.json node 4 code step"
"323","zapier_code_step.opt_out","dont_want_communications","opt_out","(?:dont|do not)\s+want\s+(?:texts?|text\s+messages?|messages?|emails?|calls?|further\s+communication|communication)","","opt-out-workflow.json node 4 code step"
"324","zapier_code_step.opt_out","no_longer_want_messages","opt_out","no\s+longer\s+want(?:\s+to\s+receive)?\s+(?:messages?|texts?|emails?|calls?)","","opt-out-workflow.json node 4 code step"
"325","zapier_code_step.opt_out","leave_me_alone","opt_out","leave\s+me(?:\s+the\s+fuck)?\s+alone","","opt-out-workflow.json node 4 code step"
"326","zapier_code_step.opt_out","go_away","opt_out","go\s+away","","opt-out-workflow.json node 4 code step"
"327","zapier_code_step.opt_out","stop_bothering_harassing_spamming","opt_out","stop\s+(?:bothering|harassing|spamming)\s+me","","opt-out-workflow.json node 4 code step"
"328","zapier_code_step.opt_out","dont_bother_me","opt_out","(?:dont|do not)\s+bother\s+me(?:\s+anymore)?","","opt-out-workflow.json node 4 code step"
"329","zapier_code_step.opt_out","stop_spam","opt_out","stop\s+(?:the\s+spam|with\s+(?:the|these)\s+(?:texts|messages))","","opt-out-workflow.json node 4 code step"
"330","zapier_code_step.opt_out","quit_texting","opt_out","quit\s+(?:texting|contacting|sending)","","opt-out-workflow.json node 4 code step"
"331","zapier_code_step.opt_out","no_thanks_stop","opt_out","no\s+thanks\s+stop","","opt-out-workflow.json node 4 code step"
"332","zapier_code_step.opt_out","no_need_to_text_me","opt_out","no\s+need\s+to\s+text\s+me","","opt-out-workflow.json node 4 code step"
"333","zapier_code_step.opt_out","blocking_or_reporting","opt_out","^(?:block|report)(?:ed|ing)?(?:\s+(?:(?:this|the|as|ed\s+as)\s*)?(?:number|spam))?$","i","opt-out-workflow.json node 4 code step"
"334","zapier_code_step.opt_out","will_block_you","opt_out","(?:will|ill)\s+block\s+you","","opt-out-workflow.json node 4 code step"
"335","zapier_code_step.opt_out","blocking_you","opt_out","im\s+blocking\s+you","","opt-out-workflow.json node 4 code step"
"336","zapier_code_step.opt_out","reported_as_spam","opt_out","report(?:ed\s+as)?\s+spam","","opt-out-workflow.json node 4 code step"
"337","zapier_code_step.opt_out","harassment","opt_out","harass(?:ment|ing)","","opt-out-workflow.json node 4 code step"
"338","zapier_code_step.opt_out","do_not_call","opt_out","do\s*not\s*call(?:\s+list)?","","opt-out-workflow.json node 4 code step"
"339","zapier_code_step.opt_out","exact_dnc","opt_out","^\s*dnc[.!?,;:]*\s*$","i","opt-out-workflow.json node 4 code step"
"340","zapier_code_step.opt_out","legal_threat","opt_out","(?:sue you|legal\s+action|attorney|lawyer|complaint| bbb | better business bureau )","","opt-out-workflow.json node 4 code step"
"341","zapier_code_step.opt_out","exact_stop","opt_out","^\s*stop[.!?,;:]*\s*$","i","opt-out-workflow.json node 4 code step"
"342","zapier_code_step.opt_out","exact_quit","opt_out","^\s*quit[.!?,;:]*\s*$","i","opt-out-workflow.json node 4 code step"
"343","zapier_code_step.opt_out","exact_end","opt_out","^\s*end[.!?,;:]*\s*$","i","opt-out-workflow.json node 4 code step"
"344","zapier_code_step.opt_out","exact_remove","opt_out","^\s*remove[.!?,;:]*\s*$","i","opt-out-workflow.json node 4 code step"
"345","zapier_code_step.opt_out","exact_cancel","opt_out","^\s*cancel[.!?,;:]*\s*$","i","opt-out-workflow.json node 4 code step"
"346","zapier_code_step.opt_out","exact_quiet","opt_out","^\s*quiet[.!?,;:]*\s*$","i","opt-out-workflow.json node 4 code step"
"347","zapier_code_step.opt_out","exact_unsubscribe","opt_out","^\s*unsubscribe[.!?,;:]*\s*$","i","opt-out-workflow.json node 4 code step"
"348","zapier_code_step.opt_out","exact_opt_out","opt_out","^\s*opt\s*-?\s*out[.!?,;:]*\s*$","i","opt-out-workflow.json node 4 code step"
"349","zapier_code_step.opt_out","exact_rmv","opt_out","^\s*rmv[.!?,;:]*\s*$","i","opt-out-workflow.json node 4 code step"
"350","zapier_code_step.opt_out","exact_cncl","opt_out","^\s*cncl[.!?,;:]*\s*$","i","opt-out-workflow.json node 4 code step"
"351","zapier_code_step.opt_out","exact_unsub","opt_out","^\s*unsub[.!?,;:]*\s*$","i","opt-out-workflow.json node 4 code step"
"352","zapier_code_step.opt_out","exact_oot","opt_out","^\s*oot[.!?,;:]*\s*$","i","opt-out-workflow.json node 4 code step"
"353","zapier_code_step.opt_out","exact_stip","opt_out","^\s*stip[.!?,;:]*\s*$","i","opt-out-workflow.json node 4 code step"
"354","zapier_code_step.opt_out","exact_stp","opt_out","^\s*stp[.!?,;:]*\s*$","i","opt-out-workflow.json node 4 code step"
"355","zapier_code_step.opt_out","exact_stop_typo","opt_out","^\s*sto0?p[.!?,;:]*\s*$","i","opt-out-workflow.json node 4 code step"
"356","zapier_code_step.opt_out","exact_dtop","opt_out","^\s*dtop[.!?,;:]*\s*$","i","opt-out-workflow.json node 4 code step"
"357","zapier_code_step.opt_out","exact_wtop","opt_out","^\s*wtop[.!?,;:]*\s*$","i","opt-out-workflow.json node 4 code step"
"358","zapier_code_step.opt_out","exact_srop","opt_out","^\s*srop[.!?,;:]*\s*$","i","opt-out-workflow.json node 4 code step"
"359","zapier_code_step.opt_out","exact_syop","opt_out","^\s*syop[.!?,;:]*\s*$","i","opt-out-workflow.json node 4 code step"
"360","zapier_code_step.opt_out","exact_sybau","opt_out","^\s*sybau[.!?,;:]*\s*$","i","opt-out-workflow.json node 4 code step"
"361","zapier_code_step.opt_out","exact_spam","opt_out","^\s*spam[.!?,;:]*\s*$","i","opt-out-workflow.json node 4 code step"
"362","zapier_code_step.opt_out","exact_bbb","opt_out","^\s*bbb[.!?,;:]*\s*$","i","opt-out-workflow.json node 4 code step"
"363","zapier_code_step.hot_topic","hot_topic","opt_out","^(?:never|4|four|(?:4|four)\s+never|never\s+(?:4|four))$","","opt-out-workflow.json node 4 code step"
"364","zapier_code_step.txt","why_are_you_texting_me","txt","why\s+(?:are|r)\s+(?:you|u)\s+(?:texting|messaging|msging)\s+me","","opt-out-workflow.json node 4 code step"
"365","zapier_code_step.txt","why_did_you_text_me","txt","why\s+did\s+(?:you|u)\s+(?:text|message|msg)\s+me","","opt-out-workflow.json node 4 code step"
"366","zapier_code_step.txt","why_do_you_text_me","txt","why\s+do\s+(?:you|u)\s+(?:text|message|msg)\s+me","","opt-out-workflow.json node 4 code step"
"367","zapier_code_step.txt","why_are_you_contacting_me","txt","why\s+(?:are|r)\s+(?:you|u)\s+contacting\s+me","","opt-out-workflow.json node 4 code step"
"368","zapier_code_step.txt","why_did_you_contact_me","txt","why\s+did\s+(?:you|u)\s+contact\s+me","","opt-out-workflow.json node 4 code step"
"369","zapier_code_step.txt","why_am_i_getting_texts","txt","why\s+(?:am\s+i|do\s+i)\s+(?:getting|get|receive|receiving)\s+(?:these\s+)?(?:texts|text\s+messages|messages|msgs)","","opt-out-workflow.json node 4 code step"
"370","zapier_code_step.txt","why_did_i_get_this_text","txt","why\s+did\s+i\s+get\s+(?:this|these)\s+(?:text|texts|message|messages|msg|msgs)","","opt-out-workflow.json node 4 code step"
"371","zapier_code_step.txt","why_are_you_sending_messages","txt","why\s+(?:are|r)\s+(?:you|u)\s+sending\s+(?:me\s+)?(?:texts|text\s+messages|messages|msgs)","","opt-out-workflow.json node 4 code step"
"372","zapier_code_step.txt","why_do_you_keep_texting","txt","why\s+do\s+(?:you|u)\s+keep\s+(?:texting|messaging|contacting)(?:\s+me)?","","opt-out-workflow.json node 4 code step"
"373","zapier_code_step.txt","who_is_this","txt","who\s+(?:is|are)\s+(?:this|you|u)","","opt-out-workflow.json node 4 code step"
"374","zapier_code_step.txt","how_did_you_get_my_number","txt","how\s+did\s+(?:you|u)\s+get\s+my\s+(?:number|phone\s+number|contact)","","opt-out-workflow.json node 4 code step"
"375","zapier_code_step.txt","where_did_you_get_my_number","txt","where\s+did\s+(?:you|u)\s+get\s+my\s+(?:number|phone\s+number|contact)","","opt-out-workflow.json node 4 code step"
"376","zapier_code_step.txt","who_gave_you_my_number","txt","who\s+gave\s+(?:you|u)\s+my\s+(?:number|phone\s+number|contact)","","opt-out-workflow.json node 4 code step"
"377","zapier_code_step.txt","i_dont_know_you","txt","i\s+(?:dont|do not)\s+know\s+(?:you|u)","","opt-out-workflow.json node 4 code step"
"378","zapier_code_step.tmt","fewer_texts","tmt","(?:send\s+)?fewer\s+(?:texts|text\s+messages|messages|msgs)","","opt-out-workflow.json node 4 code step"
"379","zapier_code_step.tmt","less_texts","tmt","(?:send\s+)?less\s+(?:texts|text\s+messages|messages|msgs)","","opt-out-workflow.json node 4 code step"
"380","zapier_code_step.tmt","less_often","tmt","(?:text|message|contact|send)\s+me\s+less\s+often","","opt-out-workflow.json node 4 code step"
"381","zapier_code_step.tmt","reduce_texts","tmt","reduce\s+(?:the\s+)?(?:texts|text\s+messages|messages|msgs)","","opt-out-workflow.json node 4 code step"
"382","zapier_code_step.tmt","reduce_frequency","tmt","reduce\s+(?:the\s+)?frequency","","opt-out-workflow.json node 4 code step"
"383","zapier_code_step.tmt","lower_frequency","tmt","lower\s+(?:the\s+)?frequency","","opt-out-workflow.json node 4 code step"
"384","zapier_code_step.tmt","too_many_texts","tmt","too\s+many\s+(?:texts|text\s+messages|messages|msgs)","","opt-out-workflow.json node 4 code step"
"385","zapier_code_step.tmt","so_many_texts","tmt","so\s+many\s+(?:texts|text\s+messages|messages|msgs)","","opt-out-workflow.json node 4 code step"
"386","zapier_code_step.tmt","not_so_many_texts","tmt","not\s+so\s+many\s+(?:texts|text\s+messages|messages|msgs)","","opt-out-workflow.json node 4 code step"
"387","zapier_code_step.tmt","dont_text_so_much","tmt","(?:dont|do not)\s+(?:text|message|contact)\s+(?:me\s+)?so\s+much","","opt-out-workflow.json node 4 code step"
"388","zapier_code_step.tmt","stop_texting_so_much","tmt","stop\s+(?:texting|messaging|contacting)\s+(?:me\s+)?so\s+much","","opt-out-workflow.json node 4 code step"
"389","zapier_code_step.tmt","stop_sending_so_many","tmt","stop\s+sending\s+(?:me\s+)?so\s+many\s+(?:texts|text\s+messages|messages|msgs)","","opt-out-workflow.json node 4 code step"
"390","zapier_code_step.tmt","slow_down_texts","tmt","slow\s+down\s+(?:on\s+)?(?:the\s+)?(?:texts|text\s+messages|msgs|messages)","","opt-out-workflow.json node 4 code step"
"391","zapier_code_step.tmt","text_less","tmt","(?:text|message|contact)\s+me\s+less","","opt-out-workflow.json node 4 code step"
"392","zapier_code_step.tmt","message_less","tmt","send\s+(?:me\s+)?(?:texts|text\s+messages|messages|msgs)\s+less","","opt-out-workflow.json node 4 code step"
"393","zapier_code_step.tmt","not_as_many_messages","tmt","not\s+as\s+many\s+(?:texts|text\s+messages|messages|msgs)","","opt-out-workflow.json node 4 code step"
"394","zapier_code_step.fuzzy_opt_out","not_a_customer_anymore","fuzzy_opt_out","not\s+a\s+customer\s+anymore","","opt-out-workflow.json node 4 code step"
"395","zapier_code_step.fuzzy_opt_out","never_shop_here_again","fuzzy_opt_out","never\s+shop\s+here\s+again","","opt-out-workflow.json node 4 code step"
"396","zapier_code_step.fuzzy_opt_out","never_come_back","fuzzy_opt_out","never\s+come\s+back","","opt-out-workflow.json node 4 code step"
"397","zapier_code_step.fuzzy_opt_out","done_with_you","fuzzy_opt_out","done\s+with\s+you","","opt-out-workflow.json node 4 code step"
"398","zapier_code_step.fuzzy_opt_out","done_with_brand","fuzzy_opt_out","done\s+with\s+(?:this\s+)?(?:brand|company|business|store|place)","","opt-out-workflow.json node 4 code step"
"399","zapier_code_step.fuzzy_opt_out","stop_lying","fuzzy_opt_out","stop\s+lying","","opt-out-workflow.json node 4 code step"
"400","zapier_code_step.fuzzy_opt_out","quit_playing","fuzzy_opt_out","quit\s+playing","","opt-out-workflow.json node 4 code step"
"401","zapier_code_step.fuzzy_opt_out","stop_wasting_my_time","fuzzy_opt_out","stop\s+wasting\s+my\s+time","","opt-out-workflow.json node 4 code step"
"402","zapier_code_step.fuzzy_opt_out","dont_want_any","fuzzy_opt_out","(?:dont|do not)\s+want\s+any","","opt-out-workflow.json node 4 code step"
"403","zapier_code_step.fuzzy_opt_out","dont_want_it","fuzzy_opt_out","(?:dont|do not)\s+want\s+it","","opt-out-workflow.json node 4 code step"
"404","zapier_code_step.fuzzy_opt_out","no_longer_needed","fuzzy_opt_out","no\s+longer\s+needed","","opt-out-workflow.json node 4 code step"
"405","zapier_code_step.fuzzy_opt_out","no_longer_want_it","fuzzy_opt_out","no\s+longer\s+want\s+it","","opt-out-workflow.json node 4 code step"
"406","zapier_code_step.fuzzy_opt_out","not_interested","fuzzy_opt_out","(?:im|i\s+am|we\s+are|were)?\s*not\s+interested","","opt-out-workflow.json node 4 code step"
"407","zapier_code_step.fuzzy_opt_out","not_subscribing","fuzzy_opt_out","not\s+subscribing","","opt-out-workflow.json node 4 code step"
"408","zapier_code_step.fuzzy_opt_out","dont_want_this_or_these","fuzzy_opt_out","(?:dont|do not)\s+want\s+(?:this|these|anything)","","opt-out-workflow.json node 4 code step"
"409","zapier_code_step.fuzzy_opt_out","exact_finished","fuzzy_opt_out","^\s*finished[.!?,;:]*\s*$","i","opt-out-workflow.json node 4 code step"
"410","zapier_code_step.fuzzy_opt_out","exact_pause","fuzzy_opt_out","^\s*pause[.!?,;:]*\s*$","i","opt-out-workflow.json node 4 code step"
"411","zapier_code_step.fuzzy_opt_out","exact_shush","fuzzy_opt_out","^\s*shush[.!?,;:]*\s*$","i","opt-out-workflow.json node 4 code step"
